pair_id,condition,delta,period,t0_rel,t1_rel,T_seg,n_A,n_B,sufficient,n_matched,S,z_S,p_right,p_left,null_mean,null_sd,STR,Max_episode,n_windows,n_episodes
20170705_01_02_01,invisible,0.1,P1,0.0,20.0,10.0,15,11,1,4,0.3076923076923077,-0.416806177843441,0.7737226277372263,0.4444555544445555,0.3613230769230769,0.1286707637306513,0.0,0.0,6,0.0
20170705_01_02_01,invisible,0.1,P2,20.0,60.0,40.0,55,44,1,20,0.404040404040404,0.6902577176527048,0.28997100289971,0.7974202579742026,0.3617757575757576,0.0612302410878822,0.0,0.0,36,0.0
20170705_01_02_01,invisible,0.1,P3,60.0,180.0,119.0,140,133,1,54,0.3956043956043956,1.3711402183512595,0.0973902609739026,0.9293070692930708,0.3407589743589743,0.0399998632607908,0.0504201680672268,3.0,115,2.0
20170705_01_02_02,invisible,0.1,P1,0.0,20.0,12.8,18,16,1,5,0.2941176470588235,-0.8608869474627078,0.835916408359164,0.2567743225677432,0.3815705882352941,0.1015846987043079,0.0,0.0,8,0.0
20170705_01_02_02,invisible,0.1,P2,20.0,60.0,40.0,54,42,1,13,0.2708333333333333,-1.3437106952549012,0.9456054394560544,0.1172882711728827,0.35408125,0.0619537501343431,0.0,0.0,36,0.0
20170705_01_02_02,invisible,0.1,P3,60.0,180.0,119.6,151,149,1,41,0.2733333333333333,-2.4684980377484695,0.9957004299570044,0.0066993300669933,0.3762806666666667,0.0417044420368396,0.0,0.0,115,0.0
20170705_01_02_03,invisible,0.1,P1,0.0,20.0,14.0,19,18,1,9,0.4864864864864865,0.9549602229167232,0.2374762523747625,0.8931106889311069,0.3874540540540541,0.1037032015113246,0.0,0.0,10,0.0
20170705_01_02_03,invisible,0.1,P2,20.0,60.0,40.0,44,58,1,17,0.3333333333333333,-0.5526448940457596,0.7349265073492651,0.3477652234776522,0.3752588235294118,0.0758633448852727,0.0,0.0,36,0.0
20170705_01_02_03,invisible,0.1,P3,60.0,180.0,119.7,144,150,1,52,0.3537414965986394,-0.3616694254103981,0.6621337866213378,0.4091590840915908,0.3671571428571428,0.0370936698430623,0.0,0.0,115,0.0
20170705_03_04_01,invisible,0.1,P1,0.0,20.0,16.8,22,23,1,14,0.6222222222222222,2.877869513864894,0.0055994400559944,0.9945005499450056,0.3813955555555555,0.0836822745112037,0.238095238095238,4.0,12,1.0
20170705_03_04_01,invisible,0.1,P2,20.0,60.0,40.0,49,61,1,23,0.4181818181818181,0.1480691117890804,0.4883511648835116,0.6351364863513649,0.4081545454545454,0.0677202193361991,0.0,0.0,36,0.0
20170705_03_04_01,invisible,0.1,P3,60.0,180.0,119.8,160,153,1,68,0.4345047923322683,1.1338839138073489,0.1407859214078592,0.8868113188681132,0.3908594249201278,0.0384919186882089,0.0918196994991652,5.0,115,3.0
20170705_03_04_02,invisible,0.1,P1,0.0,20.0,16.2,30,26,1,18,0.6428571428571429,1.412812889471739,0.1365863413658634,0.9393060693930608,0.5146607142857144,0.090738433607696,0.0,0.0,12,0.0
20170705_03_04_02,invisible,0.1,P2,20.0,60.0,40.0,66,54,1,26,0.4333333333333333,-0.1744133365796709,0.6227377262273772,0.4847515248475152,0.4435283333333333,0.0584530988279267,0.0,0.0,36,0.0
20170705_03_04_02,invisible,0.1,P3,60.0,180.0,119.6,175,170,1,74,0.4289855072463768,-0.0649825729152593,0.5518448155184481,0.5071492850714928,0.4313026086956522,0.0356572746403409,0.0501672240802675,6.0,115,1.0
20170705_03_04_03,invisible,0.1,P1,0.0,20.0,16.7,30,31,1,19,0.6229508196721312,0.7259640936083251,0.2991700829917008,0.8122187781221878,0.5411049180327868,0.1127409776322934,0.0,0.0,12,0.0
20170705_03_04_03,invisible,0.1,P2,20.0,60.0,40.0,57,62,1,34,0.5714285714285714,1.8601307389729411,0.0436956304369563,0.9751024897510248,0.4426386554621849,0.0692370236500134,0.075,3.0,36,1.0
20170705_03_04_03,invisible,0.1,P3,60.0,180.0,118.8,181,181,1,89,0.4917127071823204,1.02406171112494,0.1724827517248275,0.8502149785021498,0.4535220994475137,0.0372932678957931,0.0252525252525252,3.0,114,1.0
20170707_01_02_01,invisible,0.1,P1,0.0,20.0,16.1,27,28,1,20,0.7272727272727273,1.865650324839589,0.055994400559944,0.9935006499350064,0.4990472727272727,0.1223302413677534,0.0,0.0,12,0.0
20170707_01_02_01,invisible,0.1,P2,20.0,60.0,40.0,64,59,1,24,0.3902439024390244,-1.0487874455235076,0.8748125187481252,0.1887811218878112,0.4582373983739838,0.0648305776591558,0.0,0.0,36,0.0
20170707_01_02_01,invisible,0.1,P3,60.0,180.0,118.7,152,158,1,61,0.3935483870967742,0.0477854455525367,0.501949805019498,0.569043095690431,0.391676129032258,0.0391805086855936,0.04212299915754,5.0,114,1.0
20170707_01_02_02,invisible,0.1,P1,0.0,20.0,14.7,29,15,1,9,0.4090909090909091,0.058898961895799,0.5528447155284472,0.6354364563543645,0.4041227272727273,0.0843509233145953,0.0,0.0,10,0.0
20170707_01_02_02,invisible,0.1,P2,20.0,60.0,40.0,70,63,1,28,0.4210526315789473,-1.2922725795871357,0.9307069293070692,0.1113888611138886,0.4951413533834586,0.0573321162847715,0.0,0.0,36,0.0
20170707_01_02_02,invisible,0.1,P3,60.0,180.0,114.2,139,175,1,66,0.4203821656050955,0.4483448462887962,0.3493650634936506,0.7106289371062894,0.4021866242038217,0.0405838085390935,0.0262697022767075,3.0,110,1.0
20170707_01_02_03,invisible,0.1,P1,0.0,20.0,16.3,29,31,1,14,0.4666666666666667,-0.8610595340003205,0.8453154684531546,0.2466753324667533,0.5336766666666667,0.0778227257860837,0.0,0.0,12,0.0
20170707_01_02_03,invisible,0.1,P2,20.0,60.0,40.0,60,66,1,23,0.365079365079365,-1.4738682711324942,0.9462053794620536,0.07999200079992,0.4648158730158729,0.0676698928187606,0.0,0.0,36,0.0
20170707_01_02_03,invisible,0.1,P3,60.0,180.0,119.6,168,192,1,74,0.4111111111111111,-0.9375957230449176,0.8489151084891511,0.1887811218878112,0.4459455555555556,0.0371529472546193,0.0250836120401337,3.0,115,1.0
20170707_03_04_01,invisible,0.1,P1,0.0,20.0,15.5,28,24,1,11,0.4230769230769231,-0.6765574214747364,0.7967203279672033,0.3557644235576442,0.4861653846153845,0.0932492343383706,0.0,0.0,11,0.0
20170707_03_04_01,invisible,0.1,P2,20.0,60.0,40.0,59,49,1,24,0.4444444444444444,0.8723279206439938,0.2572742725727427,0.8349165083491651,0.3944555555555555,0.0573051575054306,0.075,3.0,36,1.0
20170707_03_04_01,invisible,0.1,P3,60.0,180.0,119.9,178,131,1,60,0.3883495145631068,0.3949959905224355,0.3744625537446255,0.7030296970302969,0.374842718446602,0.034194767644705,0.0250208507089241,3.0,115,1.0
20170707_03_04_02,invisible,0.1,P1,0.0,20.0,14.4,23,16,1,6,0.3076923076923077,-0.7581178431762695,0.8358164183581642,0.3027697230276972,0.3764,0.0906293037766123,0.0,0.0,10,0.0
20170707_03_04_02,invisible,0.1,P2,20.0,60.0,40.0,64,53,1,24,0.4102564102564102,-0.3215775712253276,0.6626337366263374,0.4340565943405659,0.4320871794871795,0.0678864796061058,0.0,0.0,36,0.0
20170707_03_04_02,invisible,0.1,P3,60.0,180.0,119.7,178,127,1,45,0.2950819672131147,-2.09506381936605,0.9892010798920108,0.0171982801719828,0.3675875409836066,0.0346078115140337,0.0,0.0,115,0.0
20170707_03_04_03,invisible,0.1,P1,0.0,20.0,14.9,26,22,1,10,0.4166666666666667,-0.5124530389262189,0.7893210678932107,0.3226677332266773,0.4666583333333333,0.097553654421521,0.0,0.0,10,0.0
20170707_03_04_03,invisible,0.1,P2,20.0,60.0,40.0,66,50,1,27,0.4655172413793103,0.6883226978147163,0.2837716228377162,0.7917208279172083,0.4231948275862068,0.0614862969468658,0.125,5.0,36,1.0
20170707_03_04_03,invisible,0.1,P3,60.0,180.0,119.5,181,138,1,53,0.3322884012539185,-1.5522884796184662,0.9577042295770424,0.0724927507249275,0.3889391849529781,0.0364950100724729,0.0,0.0,115,0.0
20170707_05_06_01,invisible,0.1,P1,0.0,20.0,5.4,6,3,0,0,0.0,-0.9712872127716106,1.0,0.4333566643335666,0.1879555555555555,0.1935118192477961,,,0,
20170707_05_06_01,invisible,0.1,P2,20.0,60.0,40.0,46,38,1,15,0.3571428571428571,0.8260529654141565,0.2771722827717228,0.835016498350165,0.3059119047619048,0.062018967942651,0.0,0.0,36,0.0
20170707_05_06_01,invisible,0.1,P3,60.0,180.0,119.4,129,119,1,38,0.3064516129032258,-0.0247651146627703,0.5543445655434457,0.5189481051894811,0.3074129032258064,0.0388163081685928,0.0,0.0,115,0.0
20170707_05_06_02,invisible,0.1,P1,0.0,20.0,8.9,14,8,1,3,0.2727272727272727,-0.3365581278718615,0.7164283571642835,0.5123487651234877,0.3194727272727273,0.1388926627356689,,,0,
20170707_05_06_02,invisible,0.1,P2,20.0,60.0,40.0,47,45,1,13,0.2826086956521739,-0.9471078276796926,0.8588141185881412,0.2171782821717828,0.3457608695652174,0.0666789694556312,0.0,0.0,36,0.0
20170707_05_06_02,invisible,0.1,P3,60.0,180.0,119.3,138,122,1,39,0.3,-0.6289675999772436,0.7615238476152385,0.2954704529547045,0.3239146153846154,0.0380220147834017,0.0,0.0,115,0.0
20170707_05_06_03,invisible,0.1,P1,0.0,20.0,8.7,14,11,1,7,0.56,1.0797817840087924,0.2205779422057794,0.8856114388561144,0.4126559999999999,0.1364572010586912,,,0,
20170707_05_06_03,invisible,0.1,P2,20.0,60.0,40.0,51,45,1,12,0.25,-1.701151205015283,0.9729027097290271,0.0751924807519248,0.3554333333333333,0.0619776378622299,0.0,0.0,36,0.0
20170707_05_06_03,invisible,0.1,P3,60.0,180.0,118.1,124,129,1,30,0.2371541501976284,-2.192542204881806,0.9907009299070092,0.0227977202279772,0.3209312252964427,0.0382100170807569,0.0,0.0,114,0.0
20170707_07_08_01,invisible,0.1,P1,0.0,20.0,11.1,10,16,1,3,0.2307692307692307,-0.980519067491866,0.8816118388161184,0.2141785821417858,0.3339,0.1051797692160889,0.0,0.0,7,0.0
20170707_07_08_01,invisible,0.1,P2,20.0,60.0,40.0,50,54,1,21,0.4038461538461538,0.2335315247351159,0.4665533446655334,0.6461353864613538,0.388826923076923,0.0643135045097933,0.1,4.0,36,1.0
20170707_07_08_01,invisible,0.1,P3,60.0,180.0,118.2,144,177,1,72,0.4485981308411215,1.157067169747059,0.1365863413658634,0.8891110888911109,0.4029925233644859,0.039414831454085,0.0507614213197969,3.0,114,2.0
20170707_07_08_02,invisible,0.1,P1,0.0,20.0,11.0,12,21,1,6,0.3636363636363636,-0.3602922105406524,0.7550244975502449,0.4875512448755124,0.397460606060606,0.0938800269189443,0.0,0.0,7,0.0
20170707_07_08_02,invisible,0.1,P2,20.0,60.0,40.0,52,65,1,19,0.3247863247863248,-1.787290906733921,0.9776022397760225,0.0423957604239576,0.4255111111111111,0.0563561230828672,0.0,0.0,36,0.0
20170707_07_08_02,invisible,0.1,P3,60.0,180.0,119.6,150,201,1,70,0.3988603988603988,-0.7571267716526691,0.8027197280271973,0.2361763823617638,0.4279834757834757,0.0384652584130746,0.0,0.0,115,0.0
20170707_07_08_03,invisible,0.1,P1,0.0,20.0,0.5,0,1,0,0,0.0,,,,,,,,0,
20170707_07_08_03,invisible,0.1,P2,20.0,60.0,40.0,47,73,1,26,0.4333333333333333,0.0861125832553308,0.5171482851714828,0.5797420257974203,0.4284166666666666,0.0570957980913012,0.0,0.0,36,0.0
20170707_07_08_03,invisible,0.1,P3,60.0,180.0,119.4,140,202,1,81,0.4736842105263157,1.6379525253843406,0.0665933406659334,0.95010498950105,0.4150555555555554,0.0357938670762165,0.0921273031825795,4.0,115,3.0
20170707_09_10_01,invisible,0.1,P1,0.0,20.0,14.6,18,23,1,11,0.5365853658536586,1.2057439130333103,0.1445855414458554,0.9098090190980902,0.4023365853658536,0.1113410393672011,0.2054794520547945,3.0,10,1.0
20170707_09_10_01,invisible,0.1,P2,20.0,60.0,40.0,50,50,1,19,0.38,0.0688507347325257,0.583941605839416,0.5700429957004299,0.375656,0.0630930086203984,0.0,0.0,36,0.0
20170707_09_10_01,invisible,0.1,P3,60.0,180.0,119.5,145,150,1,54,0.3661016949152542,-0.0839630366660738,0.5753424657534246,0.5009499050094991,0.3693118644067796,0.0382331275641263,0.0334728033472803,4.0,115,1.0
20170707_09_10_02,invisible,0.1,P1,0.0,20.0,14.3,24,21,1,8,0.3555555555555555,-0.7560881912606382,0.8364163583641636,0.2420757924207579,0.4506711111111111,0.1257995517652085,0.0,0.0,10,0.0
20170707_09_10_02,invisible,0.1,P2,20.0,60.0,40.0,55,59,1,26,0.4561403508771929,0.4269240920643739,0.3996600339966003,0.6826317368263174,0.426121052631579,0.070315306171776,0.0,0.0,36,0.0
20170707_09_10_02,invisible,0.1,P3,60.0,180.0,119.5,172,167,1,68,0.4011799410029498,-0.6173069390932224,0.7727227277272273,0.2856714328567143,0.4251297935103244,0.0387973161982515,0.0,0.0,115,0.0
20170707_09_10_03,invisible,0.1,P1,0.0,20.0,15.6,23,25,1,10,0.4166666666666667,-0.3328516766348183,0.7150284971502849,0.4766523347665233,0.4498375,0.099656500663285,0.0,0.0,11,0.0
20170707_09_10_03,invisible,0.1,P2,20.0,60.0,40.0,57,60,1,32,0.5470085470085471,1.5821390267431747,0.0713928607139286,0.9598040195980402,0.4376529914529914,0.0691188029036004,0.15,6.0,36,1.0
20170707_09_10_03,invisible,0.1,P3,60.0,180.0,119.8,152,164,1,57,0.360759493670886,-0.7710597112340671,0.8003199680031997,0.2427757224277572,0.3931126582278481,0.0419593503403016,0.0,0.0,115,0.0
20170707_11_12_01,invisible,0.1,P1,0.0,20.0,16.0,20,28,1,10,0.4166666666666667,-0.0671718036241162,0.593940605939406,0.5587441255874412,0.422675,0.089447253299243,0.0,0.0,12,0.0
20170707_11_12_01,invisible,0.1,P2,20.0,60.0,40.0,59,58,1,23,0.3931623931623931,-0.359384465471015,0.6464353564643536,0.404959504049595,0.428851282051282,0.0993055969798651,0.075,3.0,36,1.0
20170707_11_12_01,invisible,0.1,P3,60.0,180.0,119.4,168,159,1,55,0.3363914373088685,-1.8582633989052668,0.9692030796920308,0.0420957904209579,0.4093969418960245,0.0392869518014317,0.033500837520938,4.0,115,1.0
20170707_11_12_02,invisible,0.1,P1,0.0,20.0,16.3,28,26,1,18,0.6666666666666666,1.6665908747991058,0.0717928207179282,0.9507049295070492,0.4656555555555555,0.1206121515187951,0.0,0.0,12,0.0
20170707_11_12_02,invisible,0.1,P2,20.0,60.0,40.0,67,63,1,34,0.5230769230769231,0.541883460002671,0.3307669233076692,0.7270272972702729,0.4800046153846154,0.0794862934035583,0.0,0.0,36,0.0
20170707_11_12_02,invisible,0.1,P3,60.0,180.0,119.3,191,180,1,85,0.4582210242587601,-0.1189049470003626,0.5766423357664233,0.4720527947205279,0.4632485175202157,0.0422816155953565,0.0251466890192791,3.0,115,1.0
20170707_11_12_03,invisible,0.1,P1,0.0,20.0,15.0,26,25,1,12,0.4705882352941176,-0.1410794921139275,0.6106389361063893,0.512048795120488,0.4829921568627451,0.0879215071075729,0.0,0.0,11,0.0
20170707_11_12_03,invisible,0.1,P2,20.0,60.0,40.0,66,62,1,28,0.4375,-0.4650850262084199,0.7243275672432756,0.3372662733726627,0.4724390625,0.0751240322330709,0.0,0.0,36,0.0
20170707_11_12_03,invisible,0.1,P3,60.0,180.0,119.5,166,166,1,70,0.4216867469879518,0.1366133937620946,0.46995300469953,0.5784421557844216,0.4158915662650603,0.0424202968925839,0.0,0.0,115,0.0
20170710_13_14_01,invisible,0.1,P1,0.0,20.0,14.6,19,24,1,7,0.3255813953488372,-1.0336120727756832,0.9247075292470752,0.1968803119688031,0.424353488372093,0.0955601193376265,0.0,0.0,10,0.0
20170710_13_14_01,invisible,0.1,P2,20.0,60.0,40.0,47,53,1,19,0.38,0.0883994256343067,0.5352464753524647,0.597040295970403,0.374162,0.0660411530743516,0.075,3.0,36,1.0
20170710_13_14_01,invisible,0.1,P3,60.0,180.0,118.1,139,170,1,52,0.3365695792880259,-1.4278333944234425,0.942905709429057,0.0920907909209079,0.3875313915857605,0.0356917077978225,0.0423370025402201,5.0,114,1.0
20170710_13_14_02,invisible,0.1,P1,0.0,20.0,14.8,22,29,1,10,0.392156862745098,-1.160617977015869,0.9131086891310868,0.1830816918308169,0.4964705882352941,0.0898777440604556,0.0,0.0,10,0.0
20170710_13_14_02,invisible,0.1,P2,20.0,60.0,40.0,55,63,1,32,0.5423728813559322,1.6951048713680388,0.0596940305969403,0.9729027097290271,0.438228813559322,0.0614381266644348,0.0,0.0,36,0.0
20170710_13_14_02,invisible,0.1,P3,60.0,180.0,119.7,163,196,1,85,0.4735376044568245,0.8528184533505095,0.2262773722627737,0.833016698330167,0.4454178272980502,0.0329727587956132,0.075187969924812,5.0,115,2.0
20170710_13_14_03,invisible,0.1,P1,0.0,20.0,16.2,28,28,1,12,0.4285714285714285,-0.4433305521962967,0.6657334266573343,0.4084591540845915,0.4932642857142857,0.145924653336801,0.0,0.0,12,0.0
20170710_13_14_03,invisible,0.1,P2,20.0,60.0,40.0,57,77,1,32,0.4776119402985074,-0.2035348570572429,0.658934106589341,0.4564543545645435,0.4890940298507463,0.0564133815615158,0.125,5.0,36,1.0
20170710_13_14_03,invisible,0.1,P3,60.0,180.0,119.5,162,215,1,73,0.3872679045092838,-2.3635417732872623,0.98990100989901,0.0138986101389861,0.4633692307692307,0.0321980034878349,0.0,0.0,115,0.0
20170710_15_16_01,invisible,0.1,P1,0.0,20.0,12.9,15,18,1,6,0.3636363636363636,-0.1538957467023226,0.6514348565143485,0.5446455354464553,0.3809939393939394,0.1127878848474623,0.0,0.0,8,0.0
20170710_15_16_01,invisible,0.1,P2,20.0,60.0,40.0,39,45,1,12,0.2857142857142857,-0.328379512415971,0.68003199680032,0.423957604239576,0.3095166666666666,0.0724843665710471,0.0,0.0,36,0.0
20170710_15_16_01,invisible,0.1,P3,60.0,180.0,118.4,103,121,1,24,0.2142857142857142,-1.5467428154906295,0.9478052194780522,0.0684931506849315,0.2826026785714285,0.0441682764590983,0.0,0.0,114,0.0
20170710_15_16_02,invisible,0.1,P1,0.0,20.0,14.7,16,18,1,7,0.4117647058823529,0.4538148597191394,0.3963603639636036,0.7405259474052595,0.3422294117647058,0.1532239251942557,0.0,0.0,10,0.0
20170710_15_16_02,invisible,0.1,P2,20.0,60.0,40.0,44,49,1,16,0.3440860215053763,-0.0474444417004513,0.5383461653834617,0.5546445355464453,0.3479548387096774,0.0815441612471181,0.0,0.0,36,0.0
20170710_15_16_02,invisible,0.1,P3,60.0,180.0,119.0,109,129,1,31,0.2605042016806723,-0.8640779056199205,0.8309169083091691,0.2245775422457754,0.2961394957983193,0.0412408347509834,0.0336134453781512,4.0,115,1.0
20170710_15_16_03,invisible,0.1,P1,0.0,20.0,13.2,12,12,1,4,0.3333333333333333,0.6152415390686863,0.3724627537246275,0.8231176882311769,0.2553416666666667,0.1267659312872883,0.0,0.0,9,0.0
20170710_15_16_03,invisible,0.1,P2,20.0,60.0,40.0,38,44,1,14,0.3414634146341463,0.5122243740798772,0.3434656534346565,0.7652234776522348,0.3061097560975609,0.0690198677095211,0.0,0.0,36,0.0
20170710_15_16_03,invisible,0.1,P3,60.0,180.0,118.7,103,126,1,31,0.2707423580786026,-0.3648412836159877,0.6742325767423257,0.3974602539746025,0.2863807860262009,0.0428636468784557,0.033698399326032,4.0,114,1.0
