t_center,z_S_t__20170706_01_02_01,z_S_t__20170706_01_02_02,z_S_t__20170706_01_02_03,z_S_t__20170706_03_04_01,z_S_t__20170706_03_04_02,z_S_t__20170706_03_04_03,z_S_t__20170706_05_06_01,z_S_t__20170706_05_06_02,z_S_t__20170706_05_06_03,z_S_t__20170706_11_12_01,z_S_t__20170706_11_12_02,z_S_t__20170706_11_12_03,z_S_t__20170710_01_02_01,z_S_t__20170710_01_02_02,z_S_t__20170710_01_02_03,z_S_t__20170710_07_08_01,z_S_t__20170710_07_08_02,z_S_t__20170710_07_08_03,z_S_t__20170714_01_02_01,z_S_t__20170714_01_02_02,z_S_t__20170714_01_02_03,z_S_t__20170714_03_04_01,z_S_t__20170714_03_04_02,z_S_t__20170714_03_04_03,z_S_t__20170714_05_06_01,z_S_t__20170714_05_06_02,z_S_t__20170714_05_06_03,z_S_t__20170714_07_08_01,z_S_t__20170714_07_08_02,z_S_t__20170714_07_08_03,,,,,,,,,,,,,,,,,,,
3.5,0.567280572,-0.568205216,-0.511406323,0.514008523,-0.055060997,2.012622001,1.561652854,0.337919637,1.091124492,1.663680798,1.166908675,1.319620594,2.65250138,1.146007836,2.778333654,1.490302163,1.094767255,1.273040103,1.666407096,1.515199529,0.978150289,1.491590325,0.752914098,1.852623284,0.780941359,-0.927190972,0.63749159,2.011977276,0.592311973,0.474350358,,,,,,,,,,,,,,,,,,,
4.5,0.897165535,-1.144388823,0.768874528,-0.237857206,0.250396314,2.621488492,1.627956438,0.488501791,0.781457777,2.162250933,0.983807364,1.26415131,2.251353355,-0.611377458,2.0280554,1.458089465,1.058826319,1.049040909,2.261837513,1.713621286,1.131959636,1.542929743,0.886031874,1.34365999,0.511534498,-2.116017245,-0.118941536,1.601076939,-0.009694849,0.07545495,,,,,,,,,,,,,,,,,,,
5.5,-0.505212334,-1.113449312,0.920776827,-0.591578494,0.437688672,2.694344947,1.555261476,0.954765626,0.752481324,2.500879013,1.263989906,1.188095399,1.431062748,-0.748830583,2.142835893,1.344868272,1.530539301,0.78812569,1.016444841,1.213002909,1.088756017,0.88286093,1.714406599,0.584726178,-0.577669889,-2.50814906,-1.156363299,0.932293796,0.37489283,-0.481676927,,,,,,,,,,,,,,,,,,,
6.5,-0.85973308,0.285594484,0.541295518,-0.475412568,0.878916264,2.691660881,1.652488589,1.373332674,0.91053747,2.677474128,1.548194199,1.157466084,1.083969031,-0.547144655,1.427854782,1.246424216,1.598034495,0.585522645,1.419582667,1.120125049,1.136367103,1.619646137,2.042890716,0.875151968,-1.3193868,-1.569452997,-1.922598571,1.163565103,0.552187828,-1.063623027,,,,,,,,,,,,,,,,,,,
7.5,-1.169252164,0.841400049,0.82483126,0.125992561,1.418597929,2.192848533,0.981891576,1.47828502,1.037525697,2.869488858,1.731730935,0.852679073,1.595297306,-0.954312813,2.088242276,0.907153186,1.164166307,0.440161445,1.14425322,1.050736573,1.113000287,1.972783386,1.833842904,1.412773515,-0.844408946,-1.515926536,-1.854135655,0.912023563,-0.009617972,-1.350490649,,,,,,,,,,,,,,,,,,,
8.5,-1.933663805,1.829335188,1.534646782,0.398218335,2.196789578,3.126005592,1.130959188,1.293268149,0.445406536,3.14897538,1.940940614,1.207338989,1.557674923,-0.406351304,2.395477089,1.236085515,1.050502812,0.395117251,1.67653906,1.366126557,1.331247862,1.170979952,2.251571862,0.727451661,-1.407366842,-1.476571307,-1.737886488,0.830824027,0.471060213,-0.722862071,,,,,,,,,,,,,,,,,,,
9.5,-2.723257289,2.717389202,0.262316686,1.198882279,2.267344951,2.578886045,0.916268359,0.960209585,0.128195912,3.031240703,2.17198674,0.841594249,1.837514694,0.960438196,2.14561067,0.676826457,1.232808872,0.337305048,1.350285047,1.416288579,1.394770494,1.094586851,1.433322658,1.145755368,-1.574956142,-1.16664875,-1.114374586,0.404572026,1.189002935,-0.895347018,,,,,,,,,,,,,,,,,,,
10.5,-2.546440844,3.187792621,-0.538722104,1.426341563,1.147169789,2.252859185,0.762229638,1.137001128,-0.564440791,2.390649747,1.876482244,0.835220551,1.444423522,0.591426902,1.889936547,0.150537195,1.527218491,0.078113355,1.841782625,1.656495239,1.335482822,1.63995845,0.976424734,2.261524138,-1.411697,0.181269665,-0.474431404,0.342910146,0.521702391,-0.430572021,,,,,,,,,,,,,,,,,,,
11.5,-2.369660749,2.457568129,0.243290326,1.494560048,0.262566398,2.14276102,0.863986812,0.465896196,-0.46797633,2.437083662,1.540502354,0.686331534,1.429066462,0.809226953,1.77566929,-0.460185344,1.009949818,0.011153591,1.519102709,1.689736505,0.952016149,1.088579331,0.362807772,2.115115509,-0.364745817,-0.568827907,0.32235383,-0.149957065,-0.110715956,-0.495683708,,,,,,,,,,,,,,,,,,,
12.5,-2.012765486,2.241123798,-0.220109869,0.640444487,0.237836203,2.554620834,1.28548548,1.287464646,0.115392932,1.994357945,1.430835228,0.820868002,0.736374955,1.323395437,1.490781231,-1.182708254,1.187482804,0.103430151,1.886419896,1.390064171,0.799807086,-0.437969681,0.702932181,1.466539345,-0.552045416,0.401400289,0.595715719,-0.00703386,-0.505205409,-0.669520307,,,,,,,,,,,,,,,,,,,
13.5,-1.938200734,1.047866742,-1.29496961,0.221192769,0.020598666,1.036802658,0.884559742,1.025484207,0.327640217,1.347296958,0.939228024,0.461132402,0.887320629,1.550927553,0.593315926,-2.03810005,0.228955849,-0.13178014,1.078741274,1.344080195,0.568201834,0.111375394,-0.041945735,1.40489711,0.051738362,0.393485276,-0.026174667,-0.014381743,-0.32391754,-1.000609535,,,,,,,,,,,,,,,,,,,
14.5,-1.488055956,0.686660265,-1.117689534,-0.385388763,-1.151503281,0.684571298,1.072644251,1.228600536,0.721532996,1.139287111,0.517764618,0.784490803,-0.120231846,0.398188174,0.475250019,-2.088003922,0.3339283,0.429979774,2.027911538,1.206595953,0.152735481,-0.53274427,0.029606347,1.353118604,1.12153281,1.204024517,0.333347309,0.607260197,-1.639547313,-0.640402999,,,,,,,,,,,,,,,,,,,
15.5,-2.378388177,-0.322141714,-1.320097477,-1.183439655,-0.159032338,1.040098601,1.018439215,0.400710782,0.574343726,1.943178105,0.016700185,1.343022543,0.130731184,1.265080152,0.739578025,-2.155532768,-0.565136128,0.717756711,0.872760875,1.208015646,0.193794558,0.057216637,-0.340367271,0.814875314,0.661289633,0.248637302,0.673062105,0.047008114,-1.97806389,-1.897286272,,,,,,,,,,,,,,,,,,,
16.5,-1.825845294,-0.815020808,-1.705333911,-0.965033441,1.049681549,0.34806992,0.752617062,1.722391164,0.44951718,1.442208815,0.518421697,0.744114454,0.075436224,1.158042793,0.172434291,-2.313864782,-0.453179212,0.57007687,0.506617022,1.019503443,-0.096076306,-0.886594489,0.108360368,0.091447559,0.14816431,0.166683977,0.548747855,0.316895929,-2.028870636,-1.548014479,,,,,,,,,,,,,,,,,,,
17.5,-1.015847632,-1.253023861,-1.286987488,-0.908528151,0.600979252,0.284957,1.141975055,1.007693342,0.566139675,1.506592892,0.444197106,0.073434194,0.407725948,0.861314749,0.406541412,-1.160421741,-0.334575212,0.492859629,-0.663973842,-0.119369186,0.246467073,-0.762618078,0.075621094,0.607829711,0.900459857,-1.00672581,0.711969327,0.562838094,-1.531103775,-1.508561121,,,,,,,,,,,,,,,,,,,
18.5,-1.903539694,-1.932113345,-0.399822332,-0.806429144,0.430571629,0.618145255,1.698879437,1.405227556,1.152118485,2.182579167,0.75013937,-0.507598812,0.289459307,0.530599009,0.303364352,-1.037577071,-0.2161253,0.624315096,-0.307658168,-0.049245552,0.480461975,0.33311131,-0.040550174,0.336633938,0.976186668,-1.145558239,1.316685289,0.657220309,-1.354572583,-1.310973766,,,,,,,,,,,,,,,,,,,
19.5,-0.043402517,-0.878189745,-0.266802992,-1.350445779,-0.126353695,1.263809343,1.47933881,0.585884255,1.016838359,0.753205065,0.469748627,-0.10448055,1.038053668,0.811859856,0.165577819,-0.762793934,-0.140314258,0.283224899,0.664381637,-0.555769237,0.230461028,-0.633640946,0.342665292,0.995690093,-0.35997489,-1.61976189,1.289141348,1.056139545,-0.840059337,-1.26526678,,,,,,,,,,,,,,,,,,,
20.5,-0.005209771,-0.618709737,-0.157511891,-1.461986349,0.293254676,1.275642633,1.066586972,1.450007566,1.331386476,2.151989636,0.351004637,-0.540141947,0.506298965,0.162261611,0.538242978,0.116257634,-0.407027129,0.262447909,0.282648605,-0.828476787,-0.632483215,-0.517844988,0.549573837,0.903051827,-1.004130818,-1.658129387,0.962105995,1.186593918,0.297716697,0.164266364,,,,,,,,,,,,,,,,,,,
21.5,-0.773553707,-0.113025919,-0.382100092,0.212610509,0.309857363,1.135902939,1.079257,1.165198002,1.911867352,1.063188689,0.223010396,0.659127237,0.878918822,-0.137047545,0.189525392,0.223113794,0.393787982,0.456305391,0.244166551,-0.963897668,-1.029240842,0.419024075,0.715017354,0.044950459,-0.465638937,-1.677333304,1.109519339,1.531524873,-1.015491175,1.033711588,,,,,,,,,,,,,,,,,,,
22.5,-0.026204238,-0.020499485,-0.746349088,0.813025014,0.556214696,-0.527594766,0.467799209,1.044581305,1.543778616,1.116127069,-0.037513222,0.64356349,0.391014495,0.416439387,0.143140854,-0.530314059,-0.565462843,0.671836335,0.097264332,0.532414009,-0.638384849,0.505968855,0.720066632,0.393722311,-1.118576999,-1.203653506,0.972206301,0.948788267,-0.388811875,1.259612547,,,,,,,,,,,,,,,,,,,
23.5,0.119660609,1.034980842,-0.835773756,0.854192999,0.601621384,0.075193962,-0.195235495,-0.378105459,0.579846327,1.171422814,-0.85593462,0.387910372,0.315815974,0.44590217,-0.038448296,-0.878061504,-0.847255362,0.533030313,0.122082607,-0.207044316,-0.536822719,1.31851615,0.925664819,-0.361707491,-0.934190367,-0.109356893,1.603196526,0.430814687,0.183111217,0.741605025,,,,,,,,,,,,,,,,,,,
24.5,0.523784006,0.85178537,-0.18888096,1.007961885,0.116493664,0.091583969,-0.897557236,-0.755363077,0.485299017,0.779712898,-0.303124963,0.325103032,-0.927689359,1.386830298,0.500670335,-0.446496742,-1.515475374,0.262788138,-0.374750585,0.587484399,-0.472265834,0.82327269,0.935848592,-2.007771279,-0.968991728,-0.397151474,1.594470327,0.058974979,1.162848957,1.278278242,,,,,,,,,,,,,,,,,,,
25.5,-0.228305864,0.140580886,-0.87348392,1.464848058,-0.045568651,-0.304541417,-0.500750885,-1.179257329,0.184151291,0.574485523,-0.05032655,0.73639543,-0.611359019,1.25644645,0.393844962,0.074121976,-1.822613164,-0.739266028,-1.312423012,0.87662095,-0.756026777,-0.20054272,0.648357058,-2.643521761,-0.88614073,-0.41481167,1.288788319,-0.761965759,1.133127182,0.775619064,,,,,,,,,,,,,,,,,,,
26.5,-0.269710294,1.204188609,0.052494354,1.56787861,0.477160876,-0.120617033,-0.883018628,-1.201026739,-1.256184631,1.195151154,-0.080143405,1.254015736,-0.762688186,1.37280519,0.746730523,0.380929239,-1.846811124,-0.47019201,-0.424039862,0.958604296,-1.396084533,0.492660845,1.16398143,-2.305183924,-0.257608297,0.223527229,1.493122306,-0.577460019,1.643614093,0.98291249,,,,,,,,,,,,,,,,,,,
27.5,-0.809466831,0.877101075,-0.234415718,0.681470362,-0.195123986,0.785174966,-1.188524659,-1.148621677,-0.96518842,0.402206441,0.304653799,1.228449124,0.097649996,1.508490825,0.815735698,0.644825867,-1.918118031,0.253941308,-0.631052114,0.614964846,-2.182676191,1.147308442,-0.815665637,-1.06988533,-0.477170219,0.219529565,0.623457831,-0.735174079,1.25138549,-0.545731941,,,,,,,,,,,,,,,,,,,
28.5,-0.282204327,-0.364450163,-0.225819719,0.602250885,1.056020798,0.728956798,-0.514443637,-1.180687124,-0.795882435,0.87751512,0.560935274,0.527528249,0.823359875,1.326256766,0.719755531,1.059277653,-0.487942352,0.886070978,-1.742114583,0.78656591,-2.325354236,-0.543627109,-1.701840224,-0.996941326,-0.038946129,0.902494536,-0.149977792,-0.015352703,2.17225598,0.759916723,,,,,,,,,,,,,,,,,,,
29.5,-0.462556758,0.195617353,0.263070673,0.08171231,-0.20561526,-0.773431543,-0.560849995,-0.808982733,-0.037184874,0.61856876,0.483907489,0.720367182,1.607212047,-0.871401998,0.346524651,0.767423215,0.577424715,0.997808491,-0.718833733,0.129515146,-2.234046712,-0.768184937,-1.08646116,-0.171342079,-0.183887065,0.052664983,-1.688623521,-0.579361729,2.228098725,-0.850651718,,,,,,,,,,,,,,,,,,,
30.5,-0.424421755,-1.099343042,0.776550305,-0.416360716,-0.320957583,-0.912555895,-0.361776403,-0.164855602,0.541780647,1.121344127,1.087013593,-0.120208554,1.813642744,-0.940633769,-0.789919117,0.333210204,1.178905027,0.689974914,-1.521735873,-0.323046145,-1.466542963,-1.723274802,-0.260584982,1.115637953,-0.288711821,0.020598625,-2.722830844,-0.145677304,1.628364756,-0.190778315,,,,,,,,,,,,,,,,,,,
31.5,0.031439204,-0.355491784,0.296310158,-0.137343786,-1.444771631,-0.931293293,-1.085157591,-1.274598812,0.735530084,0.482016977,0.93120394,-1.128582776,1.356954862,-0.777219935,-1.14587775,0.479851111,0.638600069,0.890493242,-0.568905724,-0.78777078,0.063603519,-1.83241632,0.787244013,1.662393116,-0.184036885,-0.035950905,-2.763720835,0.661761072,1.482131016,-0.296019193,,,,,,,,,,,,,,,,,,,
32.5,-0.835528868,-0.533352492,-0.353990249,-0.004451354,-0.800880442,-0.985195904,-1.301953259,-1.738116179,0.703260901,1.277490189,1.095070441,-0.383807783,0.720482512,0.422394726,-0.62103395,0.267727086,1.020583182,-0.103244848,-0.073295714,-0.964755628,0.758605743,-1.195572877,0.940485619,2.381097734,-0.625501058,0.964591667,-3.775984724,0.434218437,-0.562542192,0.240836126,,,,,,,,,,,,,,,,,,,
33.5,-0.35920063,0.079677603,-1.612606355,-0.468258428,-1.766554116,1.203860223,-1.237846616,-1.118664464,-0.081884674,0.92430613,1.196545722,0.061313582,0.039927195,-0.472576842,-0.15564815,-0.311187395,0.352299463,-0.508082942,0.322638574,-0.353819234,0.858703866,0.097688199,1.296443837,1.261217078,-0.614845364,1.106934118,-1.614485302,0.68166188,0.126215832,-0.031174041,,,,,,,,,,,,,,,,,,,
34.5,-0.137401704,0.900989107,-0.754191471,-0.64076876,0.247885411,1.143126742,-0.850329472,-1.011521169,0.549353015,0.5677422,0.926862305,0.522641254,0.241301564,0.658270318,-0.141718642,0.472747005,-0.546010558,-0.411211036,-0.021169323,-1.443701762,0.830915849,-0.156515563,0.682608161,0.777601921,-0.577550203,-1.080903406,-0.799853923,0.674641104,-0.283411497,0.512004463,,,,,,,,,,,,,,,,,,,
35.5,0.539496348,1.936492279,-0.138583946,-0.275083336,0.232827855,1.191087834,-0.621427433,-0.472114153,0.6667489,0.548108879,0.550820777,0.348524408,-0.461455635,-0.327406766,0.506603444,-0.10944766,,-0.709298227,0.499564436,-1.504082744,0.652893335,-0.26669908,0.17191409,0.16351715,0.763057866,-0.650606892,0.536603722,-0.790850492,0.010500424,0.854537127,,,,,,,,,,,,,,,,,,,
36.5,-0.111432653,1.12717059,-0.826952466,-1.921303316,0.618350814,1.395801114,0.136812517,-0.624542842,0.283807446,-0.788333655,0.653665156,-0.111019576,-0.60270525,0.728775056,0.569950152,0.11251159,,-1.289355478,1.339415376,-1.191165575,0.126469754,-0.844270547,0.880746976,0.069512142,0.661446217,-3.687551545,1.672621026,-0.562608392,-0.598075432,0.152050792,,,,,,,,,,,,,,,,,,,
37.5,0.475510189,2.534609691,-1.177714261,-1.816496577,0.560731429,1.248865465,-0.210528936,-0.966323501,0.668284788,0.280426986,0.972158063,0.007004885,-0.760029439,-0.052882057,0.327503991,0.933899684,,-0.864800201,1.339209535,-0.753766664,0.636025074,-1.86014219,0.285296967,0.633112505,1.278721764,-2.492823321,1.497792211,-0.25198036,-0.591662883,1.312791017,,,,,,,,,,,,,,,,,,,
38.5,0.455315878,1.752025593,-0.594613065,-2.659907218,-0.426871437,1.033922877,-0.079835418,-1.862874205,1.24859905,-0.568284557,-1.27407637,-1.098725872,-1.451308506,0.422578255,-0.122581874,1.107412873,0.023098421,-0.250031978,0.678181296,-0.881337338,1.300150961,-2.103847771,0.206086488,0.633253095,0.508229476,-2.771244895,1.316495366,-0.544910541,-0.638017379,-0.329708654,,,,,,,,,,,,,,,,,,,
39.5,0.220529772,1.075742008,0.152848294,-1.493437157,-0.014520128,0.198410055,-0.647011204,-1.095025286,0.196730806,0.556482163,0.609060874,-1.091417223,0.486197938,-0.064765745,-0.460404372,0.478287066,0.06645347,0.211724914,1.229361361,-0.472195353,1.443152369,-1.084194197,1.018530419,1.112099179,-1.236366743,-1.749702332,0.536358432,-0.143740668,0.013309224,1.045993336,,,,,,,,,,,,,,,,,,,
40.5,-0.08166541,1.575124761,0.025697169,-0.955445806,-0.088350247,-0.369913791,-0.06960541,-1.799684811,0.736961786,0.646944287,1.258608193,-0.893054687,1.348089142,-0.959005411,-0.563785261,0.051257812,0.924931842,0.437974355,0.730191229,-0.554997395,-0.407480178,-1.060096679,0.064532025,0.213142057,-0.483403939,-0.5225309,0.581337889,0.426400306,-1.510102483,1.266955661,,,,,,,,,,,,,,,,,,,
41.5,0.369281852,0.927814593,-0.532092609,-0.989154527,-0.160687683,0.671986655,-0.586763923,-0.203082301,0.076915474,0.643407559,1.516008029,-0.666439577,1.607627175,-0.395280019,-0.500193653,0.526008677,1.664409965,0.267426143,-0.03169475,-0.606513775,-0.188561953,-0.335036173,-0.468739593,-1.061759519,-0.690235536,-0.069850974,0.035120073,0.296750119,-2.279510367,0.052324486,,,,,,,,,,,,,,,,,,,
42.5,-0.683328107,1.891674562,-0.384721499,-0.362673154,0.114965587,0.949495291,0.222873397,-0.584468057,-0.168092625,-0.317826448,1.264582407,-1.040921541,1.151258534,-0.674986709,-0.556710097,0.281019698,2.616903513,0.80563288,-1.427584678,0.853590687,-0.078587324,0.326061349,-0.09661737,-1.912946001,-1.004916543,0.607866922,-0.398847001,1.031543124,-3.491054408,0.764726807,,,,,,,,,,,,,,,,,,,
43.5,-0.335219409,0.792385866,-1.090653721,0.279238211,-0.149967115,0.329688371,0.618760184,-0.795896397,0.093336826,0.209214577,0.888390711,-0.360580148,-0.286511258,0.113733626,-0.58286938,0.296316717,-0.233939868,0.336519397,-0.589116446,0.536457424,-0.646464941,0.515041131,-0.24624763,-2.235802789,-1.091037462,0.018743265,0.461720631,1.543799242,-3.603750811,0.873591509,,,,,,,,,,,,,,,,,,,
44.5,-1.528192233,-0.382976918,-0.64290712,0.737476552,-0.546358294,1.017004292,0.785541125,-0.917572064,0.126918651,-0.294290434,0.855434455,-1.126195292,0.502012891,-0.02383337,-0.330539687,0.756566786,-0.496494507,0.191168708,-1.491246512,0.982269317,0.229487211,-0.059392325,0.181195745,-0.507708846,-0.282254157,-0.716000033,0.234492299,1.385922559,-3.610889462,0.098886392,,,,,,,,,,,,,,,,,,,
45.5,-0.26362779,0.942637593,-2.018264364,0.076689728,0.864285196,0.551259509,-0.168759054,-1.864319171,-0.489945881,-0.403260065,0.968987801,-0.36484874,-0.236467114,1.162778654,0.036836635,1.132831741,-0.463754838,0.600662827,-0.12003215,2.260483527,0.325673357,0.030272181,-0.161994508,-0.854696692,-1.849392537,-0.176634926,-0.414294136,1.015372592,-1.132194857,0.277852323,,,,,,,,,,,,,,,,,,,
46.5,-0.90006141,0.540385008,-0.02478322,-0.349251973,0.198396012,0.117065316,0.307078518,-1.373792209,0.429954258,-0.272145339,0.774892202,-0.390078829,-0.423252982,0.534220603,0.210056907,0.379490764,-1.249703028,0.51610838,-0.110184206,0.333952766,0.144017221,0.588213991,0.038537452,-0.588591939,-1.136495002,-0.961158893,-0.174120916,0.487957307,0.003977531,0.018266724,,,,,,,,,,,,,,,,,,,
47.5,-0.981311573,0.87539898,-0.134902425,-0.61580515,-0.286105333,0.429318466,-0.636149252,-1.001714352,0.467933393,0.386954458,0.86942227,0.387147412,-0.369309735,0.861733157,-1.063071107,0.390126706,-1.241627236,0.338396674,0.131438969,1.103599188,0.649736487,-0.506595517,-0.325282236,1.005919414,-0.447147233,-0.563639284,0.456013882,1.265941006,0.523549418,-0.8953015,,,,,,,,,,,,,,,,,,,
48.5,-0.355949365,1.336628477,0.809733666,-1.441993803,0.632656529,-0.135144211,-0.846905797,-0.334046953,0.003584336,0.360218897,1.401003278,-0.20830909,-0.047019392,0.3954784,-0.37396008,0.062317065,-1.288762649,0.232108354,-0.728306006,0.789367768,0.702833772,1.154693418,0.205580768,0.586033923,-0.504976323,-1.150878671,-0.390242395,0.385528427,0.410374823,-1.672004451,,,,,,,,,,,,,,,,,,,
49.5,-0.370802921,1.339276536,1.936241026,-0.595037332,0.503502474,-2.764327265,-0.670246563,0.487961716,-0.294174062,0.621296252,0.319239461,0.692594899,-0.150609603,0.715777499,0.108566018,0.149610699,-1.290073874,-0.267493092,0.129325915,0.784139154,0.045185246,0.934103738,-0.645200234,0.731180497,0.413467958,0.617301341,0.643701905,-0.355662469,-0.208263945,0.111546878,,,,,,,,,,,,,,,,,,,
50.5,0.01691403,0.783236593,1.8073949,-0.793736682,0.341185608,-2.263248477,0.020471317,0.730962343,0.856418283,0.571089037,0.17208333,0.228707997,0.47387692,0.709158453,-0.645239745,-0.337294079,-1.206411358,0.119214048,0.405753337,1.079412897,0.6214709,0.411915858,0.979883424,0.886688662,1.02302448,0.395362413,1.439361068,-0.790507798,0.483567847,1.09003265,,,,,,,,,,,,,,,,,,,
51.5,0.649055838,0.143155736,1.228542424,0.494380477,-1.01491917,-2.848397797,0.020551066,-0.20611008,0.602448985,0.481844538,-1.297673069,0.164160676,0.500923597,-0.22362706,0.691820164,-0.508012579,-0.594204617,-0.115384245,-0.365582727,1.110610929,0.297381203,-1.63109077,0.241715596,0.639086837,1.316447832,0.397048778,0.584860524,-0.730073308,-0.107571892,1.355634303,,,,,,,,,,,,,,,,,,,
52.5,-0.564889649,0.068806141,0.586731746,0.438571646,-0.751388247,-0.929389729,0.047354363,0.282160154,0.494970275,0.545188758,-1.065302954,0.373782624,0.450558818,1.004442712,0.730586905,-0.529220091,-1.8707493,,0.665979492,1.118084919,-0.410323514,-1.427086737,1.043291424,0.946673919,0.167323141,0.958550028,0.038262467,-1.846164414,0.433203823,1.298511276,,,,,,,,,,,,,,,,,,,
53.5,0.988283096,-0.266099176,-0.044222824,0.890470814,-1.300566633,-0.067048545,-0.37888282,-0.660322167,1.313340213,0.452089911,0.656581722,0.403201879,1.163027675,0.364489328,0.751719894,-1.247947828,0.582563994,,0.237318024,0.501342302,-1.059641112,-2.87194872,0.514819536,0.315216714,-0.044524577,-0.655082728,1.525490491,-1.124961788,1.296640115,0.023425471,,,,,,,,,,,,,,,,,,,
54.5,0.80532667,-0.018727634,-0.731628569,-0.132132362,-0.302818306,1.306675787,-0.20410715,0.019938071,1.139486959,0.53018151,0.520518194,0.101833819,0.544355015,1.099013234,0.395367999,-2.101389992,2.574897537,0.183014,0.441412391,0.617514272,-1.706836507,-1.877809914,-0.032059803,-0.922294659,0.15838045,-0.606481142,0.482327481,-0.345857059,-0.487760166,0.113104559,,,,,,,,,,,,,,,,,,,
55.5,1.488040257,0.297659302,-0.584389843,-0.181200319,0.264240018,0.596396585,-1.307542079,-0.244176574,0.885848331,0.941548322,0.828164026,0.247655615,-0.460436151,1.328877869,-0.042579801,-1.12427238,1.363440192,0.665399352,0.285542427,0.559654785,-2.15142859,-1.167040515,0.637546916,-1.644753061,0.360973571,-0.922273809,0.666184506,0.197658641,-1.123524708,0.075190602,,,,,,,,,,,,,,,,,,,
56.5,1.424597424,-0.277589612,-0.596949458,-0.748233173,0.819496015,1.391631796,0.162921331,-0.643562451,1.14022784,0.137145919,1.446642599,0.613487279,1.039474745,1.49054898,0.16734739,-1.035970197,1.475748428,1.281380539,0.536993913,0.500300726,-0.948423152,0.03645917,-1.022850629,-4.91127624,0.169384379,-0.557649306,1.240105841,-0.557245357,-1.740050744,-0.065327002,,,,,,,,,,,,,,,,,,,
57.5,0.121221858,0.30249911,-1.090832579,-0.667828932,1.549263222,0.731145818,0.108064773,0.23927489,1.242606037,0.364140096,1.435932747,-0.115383272,-0.593804388,0.600876049,0.988218748,-0.82871773,-1.062398487,1.347695616,0.013038168,-0.355764787,0.252176064,-0.279985244,-2.023095467,-4.580318791,0.374939511,0.150231646,-2.066272296,-0.312087534,-0.893623874,-0.469149023,,,,,,,,,,,,,,,,,,,
58.5,0.338584022,0.22195261,-2.905670005,1.699598344,0.578201966,1.163949773,0.732274725,-0.581324618,-0.319013241,0.013502245,0.833978439,-0.336628802,-0.136324454,-0.042184307,1.296427271,-0.187672362,0.342658144,1.076958315,0.277206758,-1.415305486,0.42131491,-0.240011022,-3.086930628,-2.816575161,-0.872724892,-0.873191256,-2.152149849,-0.1685731,-0.32147725,-0.784556782,,,,,,,,,,,,,,,,,,,
59.5,-0.800526633,-0.842375926,-2.40395313,1.497113834,-1.29719408,1.00781472,0.809524517,-0.324476664,0.578213701,-0.010282648,1.202204558,1.036863723,-0.757504351,-0.607569585,1.174671855,-0.019662591,0.308841647,0.874068084,-1.108283377,-2.112362841,0.841097356,-0.29318586,-3.49396064,-1.8184718,0.002791021,-1.075024165,-2.182283931,-0.295303971,-1.343203138,1.202506623,,,,,,,,,,,,,,,,,,,
60.5,-0.09086785,-1.117452872,-2.213078088,0.151725639,-0.900328598,-0.450284976,0.437157667,0.227104207,-0.416759828,-0.308092157,0.802463708,0.268788874,-0.220029167,-1.019211814,1.531426764,-0.024592212,1.666491473,0.665144481,-0.353228819,-1.400765641,0.55815834,-0.34221977,-3.840361411,-0.9278693,-0.83507466,-1.029763407,-3.20963144,0.107162289,-0.043524578,0.985845349,,,,,,,,,,,,,,,,,,,
61.5,-0.920208763,-1.252469085,-1.715833625,1.265010604,-0.386900847,-0.554570487,0.597874399,0.144370889,-0.200383849,0.24583086,0.833508424,0.316518229,0.26231504,0.061978737,1.044894573,0.835220812,0.920069975,0.722797192,-0.653752228,-1.524669038,0.148322283,0.357458997,-2.442529707,1.445628579,-0.002943647,-0.412396402,-4.144061894,0.08267805,0.683705479,1.708960037,,,,,,,,,,,,,,,,,,,
62.5,-0.393059748,-0.487323181,-1.015287138,0.038658513,-0.746143501,-1.298619612,0.952462095,0.888299034,0.379340515,0.357002265,0.397095072,-0.388394115,0.1502,-1.215174036,-0.012066333,1.570881247,1.415510986,1.292570582,-1.56370176,-1.518327101,-0.157878066,0.356179199,-1.654783981,0.403569852,-0.629624054,-1.577678475,-1.827938404,-0.296713267,0.060227614,1.868336182,,,,,,,,,,,,,,,,,,,
63.5,-0.558797594,-0.022174284,0.097315962,-0.729303094,-0.551228146,-0.802104443,0.999430534,0.704782535,-1.132709413,0.357183236,0.556328877,-1.311814756,0.177898823,0.351162434,0.347387243,1.409315705,1.042384101,1.613840154,-2.077464961,-1.55272817,0.554456701,0.097490542,-1.085164864,1.022001814,0.713187025,-0.238283439,-0.680769739,-1.212704011,0.331024655,2.625787104,,,,,,,,,,,,,,,,,,,
64.5,-1.688766114,-0.002688375,-0.565865994,-0.521771415,0.040975584,0.479631069,1.079973821,0.142355577,-2.053511439,0.138513523,-0.121097353,-0.930339356,1.482261244,0.105535451,0.4160094,1.543118325,1.165985098,-1.32312608,0.32395825,-1.000648625,-0.011213914,0.019492497,-0.980771687,0.609459913,0.287626496,0.736576765,-0.103138442,-0.459175873,0.409280115,1.435956366,,,,,,,,,,,,,,,,,,,
65.5,-1.663521629,0.824039563,-0.039311598,-0.633035973,0.690770045,0.589493532,1.553367649,-0.257914178,-0.254488561,0.350758771,1.042752446,0.056034368,0.722537965,-0.917528722,0.31177457,1.612914141,0.711845232,-1.791728732,-0.011038105,-1.381898044,0.298662355,0.372279847,-0.756769904,0.973905907,0.46074298,1.037404995,-0.19107325,-2.041916047,0.485363234,2.065587855,,,,,,,,,,,,,,,,,,,
66.5,-1.344779427,0.720974154,-0.076630179,0.338745613,-0.231533997,0.473532436,0.771451163,-0.381196191,-0.349674247,0.302276807,0.945570805,-0.167057838,0.34103946,-0.934470281,0.913081874,1.130817919,0.280241118,-2.03532114,0.67376853,-1.909236698,0.295702769,-0.868769101,0.027610509,0.081954866,0.471561349,0.609155126,-0.16954819,-2.143238161,0.654644474,0.622621065,,,,,,,,,,,,,,,,,,,
67.5,-1.7220967,1.099333715,-0.486182398,-0.58436188,-0.16624842,1.533485144,0.426787909,-0.568515078,-0.138111541,0.597126771,0.932934934,0.127528913,0.839651795,-0.19583861,1.520432381,0.770715939,-0.526603165,-1.117320591,0.705914999,-0.610167674,0.748610746,-1.109822119,-0.46523695,1.113078372,0.118571848,0.103438627,0.443187191,-0.560680379,0.227640809,1.753405299,,,,,,,,,,,,,,,,,,,
68.5,-0.19958344,0.974670362,0.754871938,0.548948505,0.101774646,1.614887347,0.642891585,-0.718419222,-0.397145975,-0.199770974,0.925818329,-0.151185172,0.098022307,0.117220519,0.208582361,0.029509804,0.259031493,-0.778826141,1.0100782,0.62303092,0.394267101,-0.647063,0.243218595,1.047572507,-0.500767986,-0.135167145,-0.078776253,0.518467179,0.742277905,1.059347897,,,,,,,,,,,,,,,,,,,
69.5,0.140222574,0.710196239,-0.476725423,1.331332562,-1.205738774,1.387998099,0.733844908,0.269537884,0.647097857,-0.846626032,0.261567207,-0.494868652,-0.321383676,0.378779976,0.940282611,-0.230707196,0.714187701,-0.959301755,0.790064927,0.614083905,0.375763146,-0.758866013,1.543204962,1.435635961,0.628127668,0.156639513,0.308399384,1.807717603,0.813806414,1.260474152,,,,,,,,,,,,,,,,,,,
70.5,-0.269051188,-0.016035916,-0.373327719,1.074334807,-0.459981782,0.671910658,0.338762067,0.747761747,0.141443849,1.08106634,0.695933164,-0.440088687,-0.534412194,0.171459842,0.888031084,0.424132441,0.333139234,-0.18873748,0.597638431,0.772076217,-0.780329457,-0.558245457,1.025773768,1.4395808,0.740358694,-1.059884509,0.507833019,0.698068006,0.367409631,0.631508749,,,,,,,,,,,,,,,,,,,
71.5,-0.05555624,1.590092973,-0.242465884,1.366345614,0.335442603,0.048711755,0.939360629,1.286449321,1.309726258,-2.04613561,0.586339928,-0.917880232,0.034287586,1.934452439,0.251223727,0.980374347,0.828626429,0.339162219,-1.161750836,0.484274138,-0.309921765,0.704855572,0.998353357,0.056343606,0.461690675,-0.697453719,1.41890524,-0.09732387,-0.821512864,-0.121736794,,,,,,,,,,,,,,,,,,,
72.5,0.262031768,0.807906038,-0.721020778,1.014612258,0.58975016,-1.507434832,0.876724458,0.721123248,1.191679214,-1.517677432,0.966393135,-0.142918336,0.332092873,1.007950111,-0.947163573,1.348386356,-0.196601466,0.189793364,-1.023816977,0.166971914,-1.222697005,0.957380742,0.09041354,0.893129119,0.031974884,-0.10378643,1.474640627,-0.711265803,-0.336652245,-0.448673146,,,,,,,,,,,,,,,,,,,
73.5,-0.658744719,0.388989777,-0.042511033,-1.011360315,0.682150714,-1.040387456,-1.109290609,-0.258699317,1.02990057,-1.489756851,1.132543301,-2.213203534,0.927412018,2.097909575,-0.276047207,1.126439917,-0.12374626,0.788162836,-1.084930337,0.275059625,-1.683654963,1.035314513,-0.773646559,-0.063101779,0.770835471,-0.354520438,1.029310529,-0.756031707,0.481141013,-1.197844628,,,,,,,,,,,,,,,,,,,
74.5,-0.289642376,0.365209632,0.231869913,-1.255057681,1.976918513,-2.081242856,-0.093547027,-0.339472998,0.195575578,0.065422547,1.477359075,-0.580134437,1.356588405,1.241810619,-0.800808798,0.248972575,-0.276709635,0.619315398,-1.281382095,0.262236341,-1.075633579,1.204387296,-0.495216339,-0.145318523,0.12693914,-0.273822716,0.908399858,-0.145397871,0.259667837,-1.563867076,,,,,,,,,,,,,,,,,,,
75.5,1.069722721,0.707507756,1.012524112,-0.307089917,2.332668563,-1.482907101,-0.675296275,0.140715171,0.72291951,-2.210902192,1.35862008,-0.609289579,1.880694206,0.951209133,-0.731537007,0.323873301,,0.612820578,0.165152917,0.594028956,-0.577555347,1.502083751,-0.892769702,-0.993406392,0.732808289,-0.116541,1.40302652,0.601355016,-0.163302171,-1.089277147,,,,,,,,,,,,,,,,,,,
76.5,0.978691626,-0.198030235,1.140119399,-0.367979108,1.527232863,-0.517121404,-0.521200483,1.510283134,0.084155905,-0.396055225,1.152395591,-0.038717604,1.342717293,0.152962867,0.301675831,-0.690837599,,0.338132129,-1.169227932,1.122753907,-0.23279527,0.798779723,-0.980617465,-1.524052462,0.460814662,-0.381995371,1.442100662,0.726440815,0.460563855,-0.854577861,,,,,,,,,,,,,,,,,,,
77.5,1.572385323,-0.130780319,0.385896886,-0.176487874,0.630616361,-1.783828383,0.02067836,0.753869254,-0.335275667,-0.497106203,0.475874949,-0.336256657,0.798182943,0.878902355,0.697822253,-0.733345029,,-0.041101689,-1.183823597,1.058801299,0.078884501,0.815336648,-0.180576064,-1.273292293,0.632441334,-0.412167109,0.458991703,0.724006413,-0.02417458,-1.238416326,,,,,,,,,,,,,,,,,,,
78.5,1.516622949,-0.310570355,-0.703560112,0.954222771,0.54436492,-2.406642491,0.432616785,0.707501719,0.531968607,0.768323979,0.691097019,1.418919621,-0.009142872,0.921744876,0.730372154,0.043331908,,0.186738029,-0.824598278,0.500057244,1.494946969,0.504864892,-0.183781522,-0.341343917,-0.317174213,-0.312332752,1.239695284,1.348746468,0.052811725,-0.405636642,,,,,,,,,,,,,,,,,,,
79.5,1.107021439,0.267499786,0.414703949,0.598588288,-0.499754845,-2.042675399,0.362393168,-0.4317943,0.971234602,0.697207317,-0.332980382,1.112283598,-1.223206748,0.337240959,1.101042158,0.529130431,,0.697169808,0.299630176,0.334300549,0.510491126,0.121164073,0.300605215,0.294603674,-0.478811532,0.174808144,-0.257964879,1.092004892,0.132241486,-0.615671778,,,,,,,,,,,,,,,,,,,
80.5,1.057512562,-0.432655378,-0.19708867,0.770547141,-0.562731312,-2.014980857,0.565507074,-0.832601719,0.270555613,1.236744819,-0.127928243,0.557478707,-1.094039149,-0.504434232,1.4726088,0.555984582,0.400639509,0.30285002,0.510253656,-0.669757701,0.633292013,-0.396380466,0.110670811,1.065438117,-0.668114969,-0.602027342,0.187456219,1.551738231,-1.43571363,-0.398100788,,,,,,,,,,,,,,,,,,,
81.5,1.362420115,0.115880623,-0.279135858,0.610344408,-0.566887283,0.117773568,0.830824871,-1.45980866,0.569071445,0.527448478,0.282485024,0.610355638,-1.049197462,-0.803232127,1.241280325,0.481642024,1.48301727,-0.018860871,0.804653708,-1.222278019,0.366570214,0.646652966,1.598316387,1.282451931,0.869410328,-0.192329909,0.119239536,0.626600679,-0.075473464,-0.189928366,,,,,,,,,,,,,,,,,,,
82.5,1.190397036,0.186574185,-0.067525268,1.162954292,0.866184379,0.351954885,0.812909984,-1.477813207,0.411437816,0.747476244,0.177705427,-0.11325047,-0.870771728,-1.030194961,0.407469924,0.366734134,0.924156325,0.17128939,0.726715992,-1.096477489,-0.304564904,-0.016169601,0.285720635,1.594398217,0.353257813,-0.211740897,1.115984037,0.57281142,0.026327857,-0.439489088,,,,,,,,,,,,,,,,,,,
83.5,0.353811636,0.411299869,1.670392519,1.064005968,0.575631599,-0.06683868,1.06904093,0.363652799,0.036962317,0.478749854,0.350033845,-0.094932476,-0.017629676,-0.689861139,0.504856802,-0.084834976,1.203544741,-0.137359066,0.40271588,-1.0911927,0.564426123,-0.402680137,-1.508338873,0.309419716,1.017582007,0.787408311,0.896512164,0.441871174,0.235966499,0.870294695,,,,,,,,,,,,,,,,,,,
84.5,-0.412934082,0.372905178,0.34734866,0.61673672,1.290315927,1.199991807,0.674633738,0.415082609,-0.225310217,0.513040891,0.935752381,0.021753237,-0.438746942,-1.927405291,0.098990576,-0.560566457,1.163469213,-0.598168923,-0.005183281,-1.204502165,0.688514538,1.007351923,-1.513803155,-0.678934434,1.053337042,-0.018797306,1.839424505,0.651116639,0.146650566,0.566908739,,,,,,,,,,,,,,,,,,,
85.5,0.174796807,0.308438671,0.970622052,0.313880613,0.805178143,1.830972513,0.857687767,1.666878938,0.578147696,-0.796703757,0.963686391,0.539265296,-0.151501325,-0.878358359,0.229057965,-1.14683966,1.284003478,-0.67131353,-0.853880606,-0.135630666,0.802111259,0.100545619,-1.223341836,-0.786136148,-1.71087768,0.977283996,-0.660073113,-0.011827363,0.414947021,0.351950174,,,,,,,,,,,,,,,,,,,
86.5,0.205614874,0.986391745,0.88702274,0.786659984,0.698874807,1.175068286,0.490119308,1.663735426,-0.181976084,0.316243507,0.930151591,0.208956793,1.150960007,-0.846579347,-0.775410479,-0.43508264,1.242983044,0.201543104,-0.945599683,0.635246692,0.058244683,-0.400812275,-0.21568251,-1.23127271,-0.855635614,0.783360939,-0.260334793,-0.541252261,0.176719207,-0.360844012,,,,,,,,,,,,,,,,,,,
87.5,-0.353786745,-0.696065721,-0.662972464,0.829837293,0.078583101,1.245943065,1.215064351,1.383115967,0.129315454,1.030772106,1.029728281,0.407808258,0.218749784,-0.690095326,-0.757104869,-0.854259324,0.78170801,0.174852251,-0.936090608,0.723623154,0.835770134,-0.103201476,0.202600943,-1.034440811,-0.921733979,0.063083989,-1.398687146,-0.328826067,-0.072816239,0.03749516,,,,,,,,,,,,,,,,,,,
88.5,-0.28740642,-0.431438668,0.898423865,-0.929647548,1.408139782,0.96300971,0.17845302,1.252429067,0.164413361,0.273442859,0.834724755,0.555135012,0.897115479,0.040143514,-0.851855309,0.06876712,0.318942347,0.781155447,-0.936286905,0.842843388,1.195494594,-0.216986471,0.207856913,0.320611435,-1.569136365,0.132516985,-0.932532367,-0.271271033,0.364769525,0.264496118,,,,,,,,,,,,,,,,,,,
89.5,-0.731032495,0.16713036,0.167465119,-0.632262273,0.395291357,0.619226389,0.527711205,0.186939198,0.719150903,1.488717495,0.094967271,0.234044642,1.399980298,0.255685353,-0.496579967,0.916363283,-0.522625335,0.475602065,0.350618017,0.322834076,0.207769743,-0.023865663,0.107604192,-0.844765682,-0.557192665,-0.905074743,-0.078399865,0.148696394,0.768994596,-1.704062294,,,,,,,,,,,,,,,,,,,
90.5,-0.04864602,0.777805054,-0.916504121,-0.599809226,0.903520115,-0.307566475,0.577309672,-0.199133209,0.753366009,-0.458271086,-0.81475946,0.173079843,1.534278605,-1.031458428,-0.679274844,1.263837834,-1.393264535,0.539170853,0.28811823,0.809835096,0.19422111,-0.240407936,-0.657017374,0.046418106,-0.331032863,-0.017027514,0.790694638,-0.806216228,0.776354401,-1.544186976,,,,,,,,,,,,,,,,,,,
91.5,-0.592057538,0.334841076,-1.478420494,0.147083528,0.561623642,-0.156287062,0.214573029,-0.672049511,-0.130823529,0.505893047,-2.020351424,0.212476043,0.458818758,-0.736322021,-0.659977142,-0.327599502,-0.077517308,0.406165444,0.201142946,1.032682653,-0.184550865,0.029779837,-0.610692455,0.011745592,-0.480457576,0.66370705,-0.032230873,-1.077760172,,-2.798750615,,,,,,,,,,,,,,,,,,,
92.5,-0.442813837,0.20434216,-2.073849867,0.134303695,0.55753445,-0.86453885,-1.16835396,0.647985182,0.690170497,0.911675258,-1.258368947,-0.022816969,-0.542230619,-0.799855634,0.228364139,-0.513428918,-1.65363664,0.491021227,1.255224615,0.734369313,-0.528782833,-0.566314294,0.21990263,0.372970999,-0.683669312,-0.30180084,0.665738009,-0.365805302,,-2.952555844,,,,,,,,,,,,,,,,,,,
93.5,-0.495515841,-0.454847336,-0.862692052,0.868311418,0.530652437,-1.467010145,0.092830445,-1.560768225,0.643460077,0.506795798,-0.069498486,0.018628036,-1.072183259,-0.421217659,1.510587329,-1.842736634,-3.14713287,0.018994137,2.340104348,0.615149199,-0.76415512,0.449135725,0.649809339,0.228609864,0.235243657,0.308293395,0.01700777,-0.513841658,0.404429938,-1.385171285,,,,,,,,,,,,,,,,,,,
94.5,-0.694417102,0.337381965,-1.369195866,1.178050048,0.232092755,-1.305386033,-0.17697268,-1.251082525,0.283454779,0.109006602,1.030487081,-1.037576568,-1.503580926,0.253247929,2.094823782,-2.028738557,,0.09794086,1.209449564,1.006518743,0.469288236,-1.399757557,0.579729682,0.802857422,1.091490796,-0.878703457,-0.172783481,-0.714873649,-0.324778505,-0.386454631,,,,,,,,,,,,,,,,,,,
95.5,-0.567355766,-0.880515066,-0.193048863,1.071993,0.383243391,-1.144923024,0.279270156,-1.230476813,-0.581132947,0.626779043,1.210559092,-0.839209435,-2.139010939,0.349769926,1.112165241,-2.103337485,,-0.161654167,1.562208569,0.631734158,0.880158831,-0.868842077,0.232761222,0.610135195,1.585554979,-1.340591433,0.670853448,-0.862714449,-0.774684347,-0.913649168,,,,,,,,,,,,,,,,,,,
96.5,-1.126791921,-1.217504623,0.374133586,-0.409931321,0.773053208,-1.298844647,0.672627947,-0.941645162,0.560518703,1.658875901,1.186322671,-2.478553598,-1.335549604,0.52204293,-0.028245422,-2.029416811,,-0.165350453,1.449493744,0.832498685,1.082109742,-0.452472,1.033047558,1.509860346,1.369545803,-0.014783929,0.920384828,-0.347910944,0.073590982,0.501436432,,,,,,,,,,,,,,,,,,,
97.5,-1.768212408,-0.125439803,0.139588051,0.095365162,-0.087418146,-1.21074985,0.853403422,-0.372970215,-0.151164741,1.380568615,1.054265336,-2.863074323,0.169617358,0.23981633,-1.021547514,-1.219610317,,0.129634998,1.594046502,0.691817162,1.513472215,-0.831224303,-1.099551345,1.718614315,1.345215523,-1.112034245,0.361229846,-0.221127628,0.385556267,-1.057485923,,,,,,,,,,,,,,,,,,,
98.5,-1.275278395,-0.78855621,-0.05726122,0.463943498,0.197134688,-0.661594912,0.885932961,0.047467703,0.560428919,0.661754467,0.962522271,-2.712124415,-0.15835155,0.244494903,-1.697759672,-1.211965958,,0.064465464,0.898961576,1.110832579,0.876765007,0.161764891,0.385564349,1.879283618,1.235188833,-1.428295079,1.53808466,-0.588362886,-1.172353845,-0.612581417,,,,,,,,,,,,,,,,,,,
99.5,-1.508719648,-0.366070996,0.76773582,0.038843954,-0.813261085,0.023813144,1.337871238,0.219648877,0.478652963,0.521808701,1.106034402,-4.185263963,-0.420980963,-0.225975159,-1.012783219,-0.534360642,,0.044642162,1.47779606,1.113577264,0.550722872,0.343100253,0.26941181,2.087463631,-0.704278551,-0.792921734,0.236235575,-0.45358767,-2.276548952,-0.284090146,,,,,,,,,,,,,,,,,,,
100.5,-1.557438685,0.504953728,-0.17205519,0.597956733,-0.099426835,-0.117668784,0.361189427,0.952341591,0.477270216,-0.264557688,1.341063495,-2.793073417,-0.781692055,0.521376788,0.45036441,0.127355803,,-0.454659907,1.511982756,0.720429223,0.365240065,-0.655206116,-1.174218081,1.732689303,-0.658046458,0.136883421,1.231975382,0.201683806,-4.059843408,0.048389107,,,,,,,,,,,,,,,,,,,
101.5,-0.690272814,-0.772106819,-0.295480577,0.51315064,-0.597935546,-0.976312445,0.094554916,1.194366455,1.367629912,-1.089507988,1.104472158,-2.949723825,-0.860803843,1.188595212,0.600518617,0.462705771,,-0.412719685,1.054273413,0.230073567,1.104170215,-1.857172645,-0.351983673,1.225882059,-0.320728004,0.115257699,0.474444542,-0.335138011,-3.134324457,-0.461338175,,,,,,,,,,,,,,,,,,,
102.5,0.227862316,1.053882629,1.017715678,0.686890887,-0.067086876,0.46247505,-0.126118544,0.933822041,-0.816829008,-0.894267307,0.949826107,-2.012753483,-0.047876518,1.767552119,0.769933979,0.465708018,,-1.003306515,0.616402767,-0.342016289,1.019143559,-1.398445458,-2.104931525,0.308560901,-1.326940519,0.510355568,0.705033107,-0.957163703,-1.910900653,0.107368133,,,,,,,,,,,,,,,,,,,
103.5,0.275318048,1.17981409,-0.151233387,0.89995339,-0.686798835,-0.249820678,0.541529505,0.97949605,-0.34283817,-1.036337073,0.805236739,-1.432906282,-0.020375787,0.933031983,1.20336292,0.485899554,,-1.58506256,0.237585656,-1.617346068,0.863830397,-0.570786389,-1.099530444,0.757323318,0.340050076,0.700596381,0.716922351,-0.36041434,-1.837333281,-0.127226992,,,,,,,,,,,,,,,,,,,
104.5,2.122203713,1.227076577,0.357780354,-0.91135221,0.33405638,-1.926072248,0.071920922,0.733264031,-0.678836659,-0.830183338,0.937210302,-0.689115184,-0.085915448,0.256525322,1.333070335,1.342050555,,-1.046238834,0.156554707,-2.380972817,0.798880312,-1.265170524,0.298931217,0.707325946,0.340704578,1.63759337,1.276168649,-0.055184517,0.306143003,-0.088133122,,,,,,,,,,,,,,,,,,,
105.5,1.644040186,0.246232075,0.767866326,0.892634498,1.293942818,-1.190426251,-0.1068944,0.714195932,-0.568830492,-0.843132285,0.380095424,-0.078014053,-0.414755045,0.764246491,1.264362257,1.106626806,,-0.394847495,-0.23873247,-4.400607336,0.25950871,0.190862176,0.959856848,-0.242732182,0.00611822,1.266968214,0.857492604,-0.337468233,-0.026885629,-0.166499233,,,,,,,,,,,,,,,,,,,
106.5,-0.043669163,0.286336852,0.118869768,0.375671957,0.531583367,-0.23123845,2.062393413,0.509239279,-0.00209484,-1.286441534,0.958352152,-0.289734062,-0.498971888,0.326484174,1.729691151,1.634561989,,-0.749459121,0.216710268,-2.402100373,-0.204412265,-1.286534687,1.124289362,-0.663526358,-1.42078182,0.452041787,1.549003839,-0.344397957,0.597302468,-0.084291986,,,,,,,,,,,,,,,,,,,
107.5,0.744368218,0.856992628,0.283735932,1.045885539,1.235116385,-0.139013564,1.882101918,0.548643949,0.295640435,-0.251108746,0.448382537,0.140092356,-1.032392102,-0.015292079,2.257177638,1.315358075,,-0.531097068,-0.215000546,-1.43816517,0.467629552,-1.923125253,1.679426834,0.429686306,-0.790265291,-0.157744133,1.400466019,-0.235012014,-0.112685787,-1.337938461,,,,,,,,,,,,,,,,,,,
108.5,0.790745737,0.331734942,0.462749704,0.947583382,1.255428705,0.024287359,0.949482405,0.560998013,-0.656682476,-0.240704633,-0.118960143,-0.076487913,-1.025919894,1.33231969,1.188953429,1.45037984,,-0.0488435,-0.738101975,-0.520106152,0.394003268,-0.898501019,1.034417333,-0.793771858,-0.732153951,-1.261706613,1.653294813,,0.497247936,-2.563027139,,,,,,,,,,,,,,,,,,,
109.5,0.448625821,0.00774901,-0.439001656,1.666044063,0.07583032,-0.05328586,1.778555999,1.535721091,-0.471552741,0.452709492,0.109129438,0.204482625,-1.623379969,0.933509079,0.52120959,1.423316216,,0.306465117,-0.594672601,0.853012689,0.555890505,-1.306518255,-0.637538164,1.35638399,-2.006325338,-1.129113802,0.829674277,,0.569660805,-2.349152595,,,,,,,,,,,,,,,,,,,
110.5,1.893817812,0.269547533,0.08975284,1.29743715,1.332192349,-0.517326025,1.406965126,0.262009668,-0.43112957,0.569569999,-0.229799628,-0.186732598,-0.267825336,0.048966394,-0.49436515,1.473016511,,0.509172502,-0.990627573,0.758592392,1.160375338,-0.174398039,-0.86695988,1.594387849,0.210922298,0.302144607,0.78731945,,0.339338973,-2.335508851,,,,,,,,,,,,,,,,,,,
111.5,0.454579015,-0.868314234,0.710239376,1.667209453,-0.010733185,-0.223856358,1.183191694,1.559398417,-0.726508517,0.90802802,-0.117501765,-0.408934808,-0.50250994,0.576012305,-0.019187783,1.021524776,,0.812580946,-1.909164119,-0.131702918,1.480942818,-0.404379104,-0.433150491,1.073674453,1.10039879,-0.019134636,0.383670037,,0.374827573,-2.265831504,,,,,,,,,,,,,,,,,,,
112.5,0.825185362,-0.478435133,0.543562443,1.450136731,1.811620672,-1.418270622,1.279677385,0.706711615,-0.710674162,1.034385308,0.915028663,0.113115076,-0.441163016,0.810574358,-0.244597877,0.387639845,,0.663582759,-1.628531137,-0.069097267,0.875696625,-0.760295268,-0.414816457,1.617933543,0.036567142,0.840922776,0.859579351,,-0.192161299,-1.209737933,,,,,,,,,,,,,,,,,,,
113.5,0.087278134,-0.556684607,1.234159664,1.439151918,-1.327625446,-0.176552866,0.854044076,0.661737518,0.350370646,1.455438054,-0.548131418,0.326811874,0.157138824,1.125215453,-0.041949464,0.35716912,,0.435279154,-1.229434347,-0.170019672,1.629685194,-0.458010068,0.592065061,1.353267312,0.230954834,0.459551308,-0.103677527,,-0.536038486,0.887554927,,,,,,,,,,,,,,,,,,,
114.5,0.124623072,-1.75598103,0.848954878,1.422880565,0.282373471,-0.196390275,1.129070888,0.591664996,0.050951315,1.403831822,-0.256730084,1.052831762,0.10072072,1.386401787,-0.038066657,0.464239414,,0.194284816,-0.427327754,-0.542686789,1.372742426,-0.095585185,-0.048644527,1.302656467,1.087845369,-0.118339329,-0.417150021,0.83526486,-0.426873979,0.48642594,,,,,,,,,,,,,,,,,,,
115.5,-0.521092362,0.133027791,0.972178184,-0.200678987,-1.64320834,-1.183874939,1.222379184,0.585521983,-0.825048324,0.578827686,0.466755267,0.851314951,0.436503282,1.315477898,-0.178668385,,,-0.680322912,0.012469388,0.174202189,0.722480878,-0.050596724,-0.714939315,1.030137365,1.304943741,0.347433931,-1.101626224,0.15061853,0.185488175,0.777237338,,,,,,,,,,,,,,,,,,,
116.5,0.45724543,-0.4637758,0.521417879,-0.894414875,-0.942241955,-1.129330894,1.274251715,0.208254028,-0.626918316,0.410686517,-0.556465904,1.283665768,0.752577184,0.829665428,0.676428749,,,-1.27496392,-0.970827093,0.67637394,0.672520142,-0.062392917,-1.180099355,-0.587553607,0.552759686,-0.705486235,-0.653114741,0.208794008,0.932431453,1.584045685,,,,,,,,,,,,,,,,,,,
117.5,-0.167252026,0.023336823,1.112606908,-1.012295179,0.716785454,-0.965992858,0.932269166,0.584645186,-0.274287781,0.587933622,-0.284806748,1.274770174,0.159150995,0.278042056,-0.495974919,,,-2.366189683,-1.333051699,1.112902075,-0.487048651,-1.040260445,-1.239470647,-0.372247603,1.061687831,0.117159614,0.471770054,1.331817476,0.986131325,1.235060366,,,,,,,,,,,,,,,,,,,
118.5,-0.122505452,-0.061057916,0.375025496,-1.704963718,-0.42397506,-3.118867849,1.261708261,0.159509576,-0.38449041,0.011799225,-0.351826475,1.301701998,-0.167023045,-1.523332202,0.348598035,-1.008031549,,-2.083991135,-1.976632278,1.019050386,-0.808559472,-0.309991701,-0.753028205,-1.106272913,1.557801382,1.1381525,1.066737671,0.771883907,1.707985347,0.383412427,,,,,,,,,,,,,,,,,,,
119.5,-0.185394721,0.025282969,1.493074947,-0.965705543,0.610434598,-3.151976604,1.700470239,0.326936098,-0.704695279,1.191564946,-0.304805777,0.97730736,-0.195247883,-0.257543382,-0.50398563,0.089682011,,-1.774369752,-1.363448589,0.728079421,-0.894396372,-2.130762378,-0.475404954,-1.813718376,1.411493468,2.086229846,1.177611254,1.132858251,1.558177576,-0.359137304,,,,,,,,,,,,,,,,,,,
120.5,-0.894144336,0.114582883,0.639791659,-1.420010683,0.279256072,-1.979881801,1.684175667,0.270760508,-0.205347616,1.151579954,-1.233206236,0.886093733,-0.548982397,-0.606982279,-0.922634085,0.4521717,,-1.423615367,-0.547762241,0.768664935,-0.021810395,-1.611262281,0.277440195,-2.205066116,3.074572853,1.231800429,0.667034768,0.518191232,2.555627803,-1.017306504,,,,,,,,,,,,,,,,,,,
121.5,-0.681255599,0.185214174,0.610896121,-0.269611134,0.266101102,-1.323898649,1.776616183,-0.888230022,0.365322255,1.250133941,-1.189407479,0.867139691,0.043803143,-0.060142274,-1.815722729,0.397860543,,,0.883564883,0.981142898,0.556398153,-0.827809336,0.148802257,-1.372067866,3.735903856,1.460964108,-0.551838916,-1.13804746,2.589195388,-0.561221741,,,,,,,,,,,,,,,,,,,
122.5,-0.623581649,-0.420770689,1.136131373,-0.044503923,-0.040230626,-0.35233183,1.86220372,-1.247332056,0.178255585,0.786517144,-1.963395017,-0.185451305,0.008999796,-0.057337895,-0.886578892,0.146675342,,,0.64602074,0.408778404,-0.352903955,0.231833378,0.640769103,-0.681616112,4.041252684,-0.409694485,-0.391844969,-0.772722012,1.907001233,-0.531227477,,,,,,,,,,,,,,,,,,,
123.5,-0.035927975,0.329505015,1.214356702,-0.269778674,1.578735117,-0.427041393,1.736478302,-1.080837183,1.407116455,-0.0380635,-2.001082381,-0.134831755,0.598582948,0.706006521,-1.260115882,0.405333707,,,1.407809301,-0.256287603,0.814057867,0.711757909,1.169740489,0.415106389,2.980144327,0.1081264,0.248913538,-0.907978493,1.519525428,-1.655980753,,,,,,,,,,,,,,,,,,,
124.5,-0.241407085,0.600159226,0.681811912,1.191778742,1.550459218,0.283020254,1.781309622,-0.639469829,1.417191571,-0.680098725,-3.288388551,-0.116714065,-0.027552142,0.761397714,-0.176815437,0.536820493,,,1.120714827,-0.123882435,0.5322603,1.538046948,0.284330973,0.636452276,2.795393615,-0.550261924,0.76097185,-0.930945231,1.702384001,0.142885281,,,,,,,,,,,,,,,,,,,
125.5,0.49774875,-0.057491603,0.117434818,1.109045212,1.633936663,0.88571315,2.069881157,0.649795567,1.256877376,-0.520992466,-3.046146386,-0.668559525,-0.049460678,1.226690068,-0.408239753,0.00314864,,,0.688430158,-0.262587475,0.530910296,1.018035799,0.315416772,1.035947236,1.402914587,-0.058430768,0.426811354,-1.105296849,1.296087289,0.478013585,,,,,,,,,,,,,,,,,,,
126.5,0.152919786,0.143864042,0.722405194,1.148818366,1.575764391,1.476659921,1.921934542,1.328233936,0.843497745,-1.587331641,-2.480540021,-0.682822383,-0.493244706,1.984050445,-0.212944262,-0.235988951,,-1.406156147,-0.414946882,-1.134037496,0.446820632,1.098779577,0.258913327,1.072361834,1.361682395,-0.005992678,0.353522952,-1.180619541,1.539459086,0.622479987,,,,,,,,,,,,,,,,,,,
127.5,-0.700461407,0.750037304,0.092534631,0.658778926,0.870589642,1.003828142,1.70758006,1.754481852,0.927651351,-2.326576776,-0.214678857,-0.133983981,-0.044062661,0.464096705,-0.571780904,-0.216259041,,1.394162606,-0.292690455,-0.942274452,0.237699616,0.077893788,0.881778802,0.675729123,0.613551084,-0.560957896,-0.564585978,-0.765619918,0.824386208,-0.246846446,,,,,,,,,,,,,,,,,,,
128.5,-0.66607533,0.897158993,0.037483271,0.169582465,0.801220362,1.70048635,1.68330874,1.544305636,0.447013983,-1.276388827,-0.491793333,-0.240456778,0.731417235,1.358051921,-0.172168917,-0.94766035,,0.634395991,-0.676168228,-1.600878938,-0.542600435,-0.066614481,0.367664804,0.188844548,0.615018034,-0.284059666,0.751427326,-1.607707387,1.591584308,0.863936536,,,,,,,,,,,,,,,,,,,
129.5,0.126104845,1.559665653,0.831620006,0.579811893,-0.686056321,1.348902447,1.971408909,1.296099174,-1.488527259,-2.488101842,0.539210063,-0.430001775,0.917078989,1.443302014,0.168398796,-2.157469039,,-0.287503929,0.137279773,-1.910294802,0.232619292,-0.627593834,1.050154673,0.564390586,-0.908531065,0.020654893,0.566005812,-1.027268309,0.028045988,0.207678823,,,,,,,,,,,,,,,,,,,
130.5,-0.37794868,1.710632911,-0.051495299,1.372309523,-1.841099683,0.361519016,0.480325187,1.428478302,0.251319201,-2.501081349,-0.574906837,0.238523514,2.183507637,1.091885182,0.242864434,-2.379512637,,-0.329629005,-0.409388162,-2.295875615,-0.411546784,0.220061011,0.435745277,-0.423660502,1.024040411,0.059448213,1.464254124,-1.230264875,0.307099918,0.488570375,,,,,,,,,,,,,,,,,,,
131.5,1.526135048,0.814462293,0.088609906,0.445515167,-0.932266666,-0.857552591,1.039296806,1.261333428,1.199288862,-1.18171313,-1.225595547,0.274320499,1.591777752,1.759666499,0.334587569,-2.508845974,,0.236256308,-0.237559115,-1.38511544,0.355513775,-0.102986948,0.857267032,-0.470235824,0.221034405,0.073844246,1.18182923,-0.167501653,-0.654961995,0.662979086,,,,,,,,,,,,,,,,,,,
132.5,1.462214414,1.614625461,-0.71849336,0.899068061,-1.652287947,0.359115632,-0.504916815,0.380243597,-0.17172494,0.129640892,-2.270651031,0.631596152,0.818841252,1.272645008,0.074143128,-2.268956885,,0.499309654,-0.807423136,-1.677808916,-0.633420559,0.267906327,0.995025239,-0.595251162,-0.354137401,1.051927368,0.79554222,-0.220489443,-0.707410862,1.097990533,,,,,,,,,,,,,,,,,,,
133.5,1.982305753,0.713805969,-2.273181016,0.480972138,-1.080407813,0.676874854,-2.631909961,1.534417273,0.653342643,0.249162838,-1.350513274,0.149923583,0.847206183,0.538075181,1.246288698,-1.683818654,,0.488378483,-0.238169938,-0.048009617,-0.702743666,0.633971935,0.339541954,0.140484116,-0.248499902,0.348263804,1.045684705,-0.117803793,-0.163420854,1.045208427,,,,,,,,,,,,,,,,,,,
134.5,1.843942541,0.139452947,-2.007603667,0.343035881,-0.764258795,0.602097999,-2.846747404,0.672097126,0.131422064,1.329703169,-2.318688796,0.574227995,0.006143569,1.051130525,0.618097439,-0.57743925,,,-0.718157653,0.589543276,-1.404285567,-0.395598499,0.37749963,-0.478382441,-0.994210194,-0.141060209,-1.066903905,0.459040684,-0.645035018,1.401802274,,,,,,,,,,,,,,,,,,,
135.5,-0.086739286,-0.852012154,-2.217415292,-0.040604305,0.444841117,0.447912872,-2.581904903,0.601722348,0.713473953,1.167544869,-2.382419854,0.058326946,0.296723218,0.930670146,0.501431094,-0.310575165,,,-0.774626552,0.18966854,-0.724643536,-1.137241366,0.555740825,0.67292387,-1.152302347,0.566141082,-0.049764403,0.350880349,-0.623664974,2.080441897,,,,,,,,,,,,,,,,,,,
136.5,0.926952345,-0.283789682,-1.406222969,0.937086852,-0.006125024,0.129769273,-3.299481084,0.032284266,1.303506907,1.214657131,-2.335259103,0.181548622,-0.407458493,1.878350832,0.429012836,0.222186981,,,-0.631518916,0.508873116,-0.669312768,-0.364131816,1.774694481,0.622265631,-0.33669203,-0.270636503,-0.486443888,-0.285761597,0.175255109,2.011327375,,,,,,,,,,,,,,,,,,,
137.5,1.084638783,-1.047752276,-1.377892507,0.753999405,-0.392005181,0.139551449,-2.432479485,0.574610487,1.282810175,0.357081533,-2.168922445,0.550164499,-0.018724523,-0.271596771,-0.679522144,-0.18506419,,,0.144430144,0.730062931,-0.197297297,-0.226793357,1.535353318,1.143413928,-0.570374017,1.325870536,0.663128601,-1.054624315,1.025939541,1.092419554,,,,,,,,,,,,,,,,,,,
138.5,-0.193568371,-1.242916025,-1.390766879,1.920649262,-0.461442175,-0.160621134,-1.019225051,0.844941718,0.770564717,0.370687846,-2.084208829,0.497950819,-0.914550904,-0.447584609,-1.042529795,-0.24715571,,,-0.431367931,1.18541585,0.060653344,-0.198244857,1.555916685,-0.072139643,-0.2077345,-0.006327777,-0.123504655,-0.645169796,0.977387795,0.607537532,,,,,,,,,,,,,,,,,,,
139.5,0.39306307,-1.701927138,-0.441310856,1.535010675,-0.561419913,0.868716997,0.018185843,0.662043495,0.578662571,0.508049882,-0.810402997,0.155887216,-1.385288274,1.04692271,-2.001182116,,,,0.324453099,1.036999875,1.069015473,0.477262392,1.085198999,0.432857658,-0.287152849,1.023635665,0.683946884,-1.916957148,1.902735539,1.198739136,,,,,,,,,,,,,,,,,,,
140.5,-0.342519084,-0.676648866,-1.121210746,0.521442239,0.959908751,-0.162442866,-0.374626315,0.896812299,-0.737388479,0.983420316,-0.356004965,0.931954656,-1.720565903,1.381455615,-1.602456162,,,,0.275882658,1.1359233,0.602893136,1.637420155,0.828370646,-0.225113492,-0.422133976,0.108213598,0.074697345,-0.601606207,-0.010402371,0.210421255,,,,,,,,,,,,,,,,,,,
141.5,-0.432459192,-0.963407493,-0.813905411,-0.631433361,0.639245299,0.789431551,0.13088695,1.319033363,-1.484801098,0.77513304,-0.022021261,0.313453093,-0.585389987,1.378939073,-0.929199278,,,,1.134585653,1.378650354,-0.294654123,1.196305181,0.770735325,-0.219580693,-0.875680279,-1.416060126,-0.309068994,-3.22549386,-0.214100139,-0.086827717,,,,,,,,,,,,,,,,,,,
142.5,-0.393414572,-1.641455373,-0.147875148,-0.561007119,1.226462841,-0.062252984,0.670163573,0.690360516,-0.24695185,0.003259095,0.657091252,0.298292329,0.257736317,0.928509701,-0.176936887,,,,0.781551771,0.103551383,1.059829741,1.613929741,0.518460232,-1.190240939,-0.107842064,-0.497455601,-0.879732377,-2.317796543,-0.396168668,0.474111945,,,,,,,,,,,,,,,,,,,
143.5,-2.356549362,0.21065872,-0.188413791,-1.416516963,1.07614029,-1.126933941,0.332973315,0.70167501,-0.736923744,1.370725868,0.387042502,0.14567057,-0.158418361,1.373814189,0.530620324,,,,0.874052746,0.822415404,1.08535248,1.340392314,-0.030250475,-0.241902841,-0.6361205,-1.008180266,-0.380067537,-1.827367374,-0.536391034,0.735669682,,,,,,,,,,,,,,,,,,,
144.5,-1.469310711,0.462120634,-0.172476442,-1.325909119,0.989560693,-1.130252877,0.652686721,0.868476187,-0.700770806,1.203825548,0.33548309,0.051474256,0.338382237,0.709032535,0.891382345,,,,0.976340433,0.294719735,1.489222673,1.510472786,-1.342269632,-0.654966699,-0.710960681,-1.22131064,-0.811042984,-0.900440052,-1.018894514,1.678239827,,,,,,,,,,,,,,,,,,,
145.5,-0.853195627,-0.277883263,0.299164819,-1.543707098,0.601301961,-1.038814464,-0.376876331,-0.092696759,-0.262090204,1.900149603,-0.255491513,0.003507618,0.8248837,0.689514614,1.484065103,,,,0.750607852,0.201504323,1.444845084,1.153100744,-0.911266675,-0.532450249,-0.70306673,-0.384754424,-0.407111014,0.049012212,0.18016241,1.191482059,,,,,,,,,,,,,,,,,,,
146.5,0.405741599,0.311818379,0.748716825,-0.88203433,0.68294635,-0.472441468,0.610380809,-0.156311518,-0.043631118,-1.662986384,0.529954184,0.92817159,0.819927923,0.390492008,1.612075828,,,,0.462247923,0.286458562,1.272008934,1.285083862,-2.079704052,-0.447084384,-0.144774446,0.324720761,-0.3196637,-0.119284389,1.491507229,0.679606239,,,,,,,,,,,,,,,,,,,
147.5,-0.570991612,0.144481537,0.128837965,-1.371491339,-0.077355552,-0.655783007,0.730825713,0.072813407,0.175475565,-3.381859055,-0.026208883,0.836607655,1.38426661,1.225755991,1.005505307,,,,0.035991749,0.57590822,0.235529152,0.591125984,0.489993175,0.450198509,-0.717271144,0.553909905,-2.137850197,-0.193743692,1.366807745,0.638522471,,,,,,,,,,,,,,,,,,,
148.5,1.169801459,-0.29408921,0.046091903,-1.018874302,0.169787956,0.240702502,0.525554198,-0.039875851,-0.325624118,-2.392441268,0.379804236,0.489232326,1.39152382,1.262242668,1.512881615,,,,0.001354415,-0.653260785,0.845559389,0.281078257,-0.172886138,0.262335008,-0.454688985,1.30660902,-1.029140872,,1.762169905,1.030982351,,,,,,,,,,,,,,,,,,,
149.5,1.032558132,-0.177945229,-0.382592142,-1.008176823,0.404432599,-0.276611247,-0.134359119,-0.205318978,0.552619323,-1.760429979,0.425686864,0.652099155,1.852750364,0.714841341,-0.162760566,,,,-0.4318656,-0.941101359,0.169450329,1.372022609,1.083611903,0.18535717,-1.670204257,0.605172494,0.283363447,,1.088127581,0.722317867,,,,,,,,,,,,,,,,,,,
150.5,0.351144403,-1.547674673,-1.234225105,-0.659815294,0.368324124,-1.249308687,-0.169249472,-0.151890966,-0.089602489,-1.586124507,-0.670344654,0.296875177,1.978711961,1.441436436,-1.511245852,,,,-0.735701246,-0.755808095,1.22464207,0.602548088,0.325098906,-0.354065666,-1.185296338,0.123639844,0.164849078,,-0.385292278,0.506189955,,,,,,,,,,,,,,,,,,,
151.5,0.087103656,-2.875486271,-1.41730864,-0.02378898,-0.156942251,-1.521662221,-1.006558873,-0.205490828,-0.551049026,-0.506313583,-0.331333567,-0.163132102,2.029174461,1.492182479,-1.666039329,,,,-0.64523701,-0.721008653,1.24674753,-0.084034999,1.391457172,1.100451825,-0.145018165,-0.056266676,0.121195141,,-0.765160065,1.19037626,,,,,,,,,,,,,,,,,,,
152.5,1.556992689,-3.078834159,-0.163283654,-0.013722384,0.294188626,-0.520007628,-1.128251197,0.91068308,-0.152082026,0.043936419,0.810682959,-0.180525625,2.942176745,1.270651539,-0.206450133,,,,0.344060456,-1.651566793,1.812108032,1.444163604,1.849377684,0.399851803,0.342913056,0.550559743,-0.212421246,-1.922513207,-0.782770759,0.426612681,,,,,,,,,,,,,,,,,,,
153.5,0.763534525,-1.648150273,-0.27105028,-0.556000586,-1.795356638,-0.979105247,-1.26916688,0.346973337,-0.460001275,0.192016665,0.824916618,0.192112923,0.801726644,1.321072377,-0.598187469,,,,0.318539811,-0.25593621,1.656480538,0.241452183,0.900020852,0.347834346,-0.370854975,0.308884847,-0.763220048,1.311848312,-1.321201442,0.216489134,,,,,,,,,,,,,,,,,,,
154.5,1.192848632,-0.158616299,0.760010686,-1.049609294,-1.847199828,-1.477357861,-2.67096149,-1.559151269,-0.093566426,-0.412973884,1.048602009,0.015291937,-3.159635665,1.409271796,-1.023117074,,,,1.052934967,-1.062623089,1.558601675,1.044309803,1.266991955,1.026709657,0.559343809,1.355906724,-0.645790383,-0.816989136,-1.064704251,-0.44301759,,,,,,,,,,,,,,,,,,,
155.5,1.821927509,-0.894438786,0.853373401,0.1240877,-1.762569466,-0.349860177,-2.621250024,-1.627971535,-1.350083779,0.211775751,0.337112561,0.75653588,-1.512733948,1.613229045,0.118706077,,,,-0.874117192,-0.098186875,1.360113734,-0.009735141,0.384632468,0.387905864,0.485056621,0.163329077,-0.567356988,-1.444730177,-0.529592234,-0.408982898,,,,,,,,,,,,,,,,,,,
156.5,1.106068343,1.6231248,0.896820662,-0.332093309,-0.99415793,0.064400337,-1.511595671,-3.66341186,0.111602526,0.891669934,0.241552038,0.064188354,-0.81077461,1.791596221,-0.32817055,,,,0.140228373,0.310230158,1.630200935,-0.509399873,-1.685383471,1.062537748,0.370176249,-0.525131992,0.77000537,-1.13813196,-0.566103881,0.052182812,,,,,,,,,,,,,,,,,,,
157.5,0.768744513,0.69636526,0.20947511,-0.398833961,-1.262926133,-0.387371401,-1.545508736,-3.149716954,-1.372398234,1.731507394,0.715366406,0.491333045,-0.386206058,2.576642158,-0.063480384,,,,-0.320479842,0.950156266,0.64569432,-0.214940559,-1.804116932,0.924769004,1.122033264,-0.019303375,0.060381478,0.642585709,-1.63262642,0.876910092,,,,,,,,,,,,,,,,,,,
158.5,0.910638604,1.343052652,0.345003517,-0.798030694,0.363386267,0.500189691,0.279468665,-3.450280874,-1.436628573,2.259678054,-0.044829961,0.368316617,-0.060681066,2.539256938,0.771732089,,,,-1.755116634,1.004634683,-0.491000526,0.164348142,-1.668717962,0.851122336,2.025996124,0.023284989,0.627216023,0.293232978,-0.870994908,0.47175432,,,,,,,,,,,,,,,,,,,
159.5,1.35186263,1.27803335,-0.010153079,0.048259681,0.845780027,0.841557281,0.701176493,-1.361765575,-1.785081825,2.572730525,0.102616877,0.422334306,0.554540582,0.853615121,-0.158602426,,,,-2.437555607,1.106696561,-2.149127592,0.166900113,-0.400864251,0.220871991,1.287244237,-0.384363701,0.74687019,0.722283073,-2.046063123,1.396426781,,,,,,,,,,,,,,,,,,,
160.5,0.118098858,-0.002638592,-0.566958322,0.063278138,-0.460321924,1.532241432,1.186144714,-1.193070763,-1.070689462,2.215978858,0.455648073,1.559952437,0.742836532,-0.979844126,-0.514736024,,,,-2.134853825,1.272730451,-2.847290018,-0.260467061,0.015588731,-0.275274107,1.279901842,-0.323907488,-0.043665481,0.583406632,0.707548283,1.397071148,,,,,,,,,,,,,,,,,,,
161.5,-0.169388166,1.304884651,0.821566085,0.392581727,0.723643319,0.272815813,0.961127531,-0.144188072,-2.456304755,2.005155938,0.780713776,1.567770418,0.466611488,-1.857264566,-0.54990842,,,,-3.142376938,1.272337864,-4.224529545,0.048765071,0.089580978,-1.066351016,-0.05034275,-0.32877756,-1.947219192,0.492478288,0.402529488,0.698900866,,,,,,,,,,,,,,,,,,,
162.5,0.295539665,1.69584969,-0.529108245,0.851909516,-0.074458174,0.638854556,0.205858376,0.402929126,-2.385032451,1.878036897,0.88958534,1.444416301,-0.099919299,-1.822543588,0.724664134,,,,-3.274326227,0.855200229,-3.032739946,0.463865234,-0.822843384,-1.030532915,-0.390757148,-0.912253202,-0.843763442,-0.650412228,1.06926438,0.576448359,,,,,,,,,,,,,,,,,,,
163.5,-1.064978295,1.01678786,-0.702612092,0.760440264,0.006230431,0.259843182,0.078652615,0.279602385,-2.330790877,0.963917348,1.058010298,0.292321914,0.332820912,-1.746512303,-0.049516024,,,,-1.432349377,0.776444534,-2.146195117,0.515601331,0.01182101,-1.134388382,0.684008166,0.021382781,-0.445692471,-1.334184516,0.373396224,-0.143007492,,,,,,,,,,,,,,,,,,,
164.5,-0.643619439,0.72395973,0.009166772,0.82275851,-0.025647679,0.654779997,0.970943715,0.428518989,-3.343967976,0.826470957,1.37001988,0.465884563,0.275371844,-0.773060555,0.630440155,,,,-0.699872515,0.588690406,-0.555857964,0.383904606,0.214975574,-1.400823079,2.005182807,0.46740763,0.298474008,-2.095702707,-0.812542592,0.032475378,,,,,,,,,,,,,,,,,,,
165.5,0.369797208,1.6397108,-1.093990389,-0.308573712,0.215108149,-0.308053404,-0.008605017,0.877807696,-2.92170337,0.408394654,1.421669764,-0.217452213,0.907637452,0.277226177,0.416675334,,,,0.000545997,0.689956653,0.144881913,0.328349095,-0.958503894,-0.723783904,2.066873808,0.416227013,0.973748027,-2.034629613,-1.329244875,-0.364271917,,,,,,,,,,,,,,,,,,,
166.5,0.415201472,0.749044166,-0.125761971,-0.257827783,-0.427417816,-1.251254448,0.480312244,1.279716169,-2.064443601,0.466849384,0.432195608,0.332517648,0.732688745,0.457599854,0.637667788,,,,0.693069481,-0.225197751,-0.214595411,0.683340735,-1.67634242,-1.313678673,2.310222127,0.276190331,-0.088974357,-3.099318179,-1.188304637,0.357970601,,,,,,,,,,,,,,,,,,,
167.5,-0.512354054,2.479362063,-0.127712873,0.697962255,0.219044933,-0.161031225,-1.295821454,0.658155521,-2.037672625,0.152367636,0.456212237,0.610496398,0.974849267,0.562307739,0.065934287,,,,1.082321527,0.707521018,0.306444027,1.419947866,-1.008151764,-1.481117634,1.188855761,0.695934981,-0.581678513,-2.139087845,-1.096296736,-0.192560753,,,,,,,,,,,,,,,,,,,
168.5,-0.458771019,2.637973657,-0.074420072,0.655149741,0.565211029,-1.11914238,-0.103782941,-0.330933799,-3.63581504,0.879644228,0.330075109,0.767692651,0.722841666,0.740206184,0.362601413,,,,1.140161629,0.717839689,0.253606278,1.567019131,-0.60671584,0.816125831,0.364359088,0.049021186,0.983195629,-1.290401692,-0.246280591,-0.216200202,,,,,,,,,,,,,,,,,,,
169.5,-0.434125856,0.920748706,,-0.938624757,1.710409096,-1.905825892,-0.599780749,-0.899506691,-2.31236578,0.929161846,-0.332680763,0.989146203,-0.876757284,0.602029117,-0.269432835,,,,-0.099952328,0.218555109,0.105898124,0.881924039,0.346846783,0.471089865,0.248195588,-0.455378677,-0.805553184,0.196057629,1.460821644,-0.07613209,,,,,,,,,,,,,,,,,,,
170.5,0.36535068,0.927510833,0.570396109,-0.38673465,0.817020442,-0.971794617,0.002957893,-1.046874709,-2.37999579,0.826066248,-0.727139028,0.014514629,-1.304683006,0.27894604,-0.452211404,,,,1.02150579,0.232979721,0.624890012,1.455944367,0.762778747,-0.271772158,0.210551182,-0.826724633,0.622517115,0.643385797,0.695192456,0.692811035,,,,,,,,,,,,,,,,,,,
171.5,1.073993106,-0.144483836,0.320599402,0.077171816,1.730885807,-0.643922807,-0.012639043,-1.310176547,-1.831360767,1.646414535,-0.789424498,-0.829198305,0.122028868,-0.179104703,-1.149181998,,,,0.197542107,-0.969131972,-0.167248696,0.174078762,1.287576929,0.017465116,0.254576756,0.267811759,0.659383877,0.894519301,-0.051970936,0.886974275,,,,,,,,,,,,,,,,,,,
172.5,1.009906067,-0.151959608,0.31666656,-0.474921649,0.844152776,0.281391864,-0.576505948,-0.209397241,-0.917151011,1.654764117,-2.092164835,-1.875000639,0.005600247,0.388241575,-0.095492168,,,,0.43377531,-2.422839104,-1.016044024,1.378510529,2.40300331,-1.086631898,1.278530905,-0.068347893,0.474368649,1.160402822,-0.707835385,1.602342911,,,,,,,,,,,,,,,,,,,
173.5,0.903041606,-0.840846522,0.250445427,0.721200296,1.395624557,0.281204972,1.22493232,-0.931265586,-0.990420838,1.123226068,-1.9220346,-2.993229774,0.344016973,0.441932727,-0.923563988,,,,-0.042188785,-2.021590368,-0.678923556,0.175397742,2.985860673,-0.05910993,2.5371657,0.417446127,-1.153963114,0.923914518,-0.050083319,1.241873122,,,,,,,,,,,,,,,,,,,
174.5,0.145782831,-0.527045963,0.241578312,1.534541752,0.766514444,0.356112016,0.980763154,-0.335975998,-0.575844646,0.970415239,-0.899804214,-2.887384016,0.815695199,-0.203104295,-1.18062772,,,,0.631111002,-3.316220453,-0.447599717,0.397067912,2.126286775,-0.029212126,2.254884989,0.337313611,-0.744299791,1.788014849,-0.169914333,0.972922198,,,,,,,,,,,,,,,,,,,
175.5,0.377857572,-0.6955493,0.059975438,1.838712451,-0.734659016,0.018628555,0.550899195,0.005736445,-0.942750543,0.683393462,-0.424899851,-2.774065182,1.140357427,,-1.092253046,,,,0.088793141,-2.088402064,-0.040234367,1.48501329,2.246761436,-0.015803636,2.229151228,-0.551200144,-1.236154482,2.010625257,,1.066677375,,,,,,,,,,,,,,,,,,,
176.5,-0.317755067,-0.310722138,-0.559902058,1.760151829,-0.757200298,-0.003835817,0.657507598,0.734489183,-1.914863533,,0.436279162,-0.795230706,,,0.165796728,,,,0.874804191,,,0.020710046,1.707415169,,1.189955153,-0.503654831,-1.038311541,1.480940176,,-0.165879576,,,,,,,,,,,,,,,,,,,