bin,t_center,mean,q025,q975,sigpos,signeg
1,6.5,0.158544344714439,-0.11500275,0.486820999999999,0,0
2,7.5,0.156664177427535,-0.10242105,0.46586545,0,0
3,8.5,0.158725151292715,-0.095074275,0.4641465,0,0
4,9.5,0.157902696110685,-0.091031215,0.460160825,0,0
5,10.5,0.145033544206545,-0.0997199375,0.453419775,0,0
6,11.5,0.0808536968539515,-0.14687795,0.38837975,0,0
7,12.5,0.011589614095693,-0.18231785,0.2653323,0,0
8,13.5,-0.0198187511138355,-0.1959354,0.177508425,0,0
9,14.5,-0.032603899498305,-0.199329025,0.142617699999999,0,0
10,15.5,-0.041417471820013,-0.203770325,0.12227785,0,0
11,16.5,-0.0437471763984885,-0.20221145,0.116141025,0,0
12,17.5,-0.042346727720832,-0.195967575,0.11643525,0,0
13,18.5,-0.0370488039587302,-0.184555575,0.122725175,0,0
14,19.5,-0.03646440134766,-0.183644425,0.121509225,0,0
15,20.5,-0.036149366594435,-0.18206215,0.122588825,0,0
16,21.5,-0.03576613518704,-0.1801051,0.124438175,0,0
17,22.5,-0.03747206358324,-0.182372675,0.1244131,0,0
18,23.5,-0.043723454236521,-0.188195,0.120447175,0,0
19,24.5,-0.054567635170597,-0.203239625,0.1102026,0,0
20,25.5,-0.0706212500500195,-0.222032,0.0908017875,0,0
21,26.5,-0.08557936033104,-0.23894875,0.0711674749999998,0,0
22,27.5,-0.102421491534345,-0.2562082,0.0472106175,0,0
23,28.5,-0.11384425297508,-0.26498315,0.028548375,0,0
24,29.5,-0.119602599069905,-0.268381125,0.0215508099999998,0,0
25,30.5,-0.122730867125295,-0.267021025,0.0157128,0,0
26,31.5,-0.123282042901135,-0.266798725,0.0163862999999996,0,0
27,32.5,-0.122982615493394,-0.2614947,0.0184742375,0,0
28,33.5,-0.12468589754431,-0.2624582,0.0170648824999999,0,0
29,34.5,-0.131035019261925,-0.2699568,0.00782939949999993,0,0
30,35.5,-0.13918435589019,-0.277325525,-0.00290470125000027,0,1
31,36.5,-0.143363591588105,-0.282634525,-0.00760036650000036,0,1
32,37.5,-0.14725439594362,-0.284823,-0.0132638275,0,1
33,38.5,-0.153502034295813,-0.29008925,-0.0213104525,0,1
34,39.5,-0.15668588586575,-0.293573025,-0.0229483425000001,0,1
35,40.5,-0.1614296683762,-0.3003296,-0.0286629275000001,0,1
36,41.5,-0.16971162975285,-0.310967275,-0.0381713375,0,1
37,42.5,-0.174375180740675,-0.317219075,-0.0420950125,0,1
38,43.5,-0.1809467699523,-0.32645315,-0.050313985,0,1
39,44.5,-0.185387811597555,-0.332337125,-0.056109885,0,1
40,45.5,-0.1854673294611,-0.33299105,-0.0560190625000001,0,1
41,46.5,-0.18534414879005,-0.33105115,-0.0569698100000002,0,1
42,47.5,-0.1826328176756,-0.3260736,-0.052815205,0,1
43,48.5,-0.1787622116936,-0.319888275,-0.0469318725000001,0,1
44,49.5,-0.17325171861625,-0.312024725,-0.0394456800000001,0,1
45,50.5,-0.16978833661932,-0.30675445,-0.0333210450000001,0,1
46,51.5,-0.16950943403476,-0.3069431,-0.0319763275000002,0,1
47,52.5,-0.169912441733462,-0.307539425,-0.034062045,0,1
48,53.5,-0.17200841625521,-0.31129035,-0.03505947,0,1
49,54.5,-0.174012608761885,-0.31716975,-0.037105705,0,1
50,55.5,-0.176786884117065,-0.323735,-0.0379608525000001,0,1
51,56.5,-0.179525022045505,-0.3298642,-0.0370200175000001,0,1
52,57.5,-0.18282974516985,-0.33830305,-0.0379229825000003,0,1
53,58.5,-0.1849083064321,-0.3476284,-0.0373392650000001,0,1
54,59.5,-0.18057510732471,-0.345287175,-0.0256496300000001,0,1
55,60.5,-0.174364737779585,-0.34433885,-0.00440920925000006,0,1
56,61.5,-0.150039235547052,-0.33191265,0.0874384725,0,0
57,62.5,-0.125648051531715,-0.326640225,0.141330225,0,0
58,63.5,-0.00935847998408,-0.269430975,0.251293275,0,0
59,64.5,0.048493137373068,-0.227199125,0.27062975,0,0
60,65.5,0.10870959819246,-0.124217475,0.2947041,0,0
61,66.5,0.12489832178469,-0.07041477,0.297504575,0,0
62,67.5,0.132651882751042,-0.0444785425,0.296021625,0,0
63,68.5,0.136577250935525,-0.0322957425,0.296776075,0,0
64,69.5,0.13864430548354,-0.0258514775,0.29562315,0,0
65,70.5,0.138339544247216,-0.02570204,0.2920555,0,0
66,71.5,0.136844433010285,-0.0261155675,0.288355375,0,0
67,72.5,0.133337669580705,-0.0321179625,0.286815575,0,0
68,73.5,0.13005954767099,-0.0399555575,0.28325015,0,0
69,74.5,0.13044059516342,-0.042216445,0.284663375,0,0
70,75.5,0.136328695567895,-0.0419725375,0.296599125,0,0
71,76.5,0.143315288676305,-0.0406614125,0.3088263,0,0
72,77.5,0.160330737574252,-0.02643208,0.340482525,0,0
73,78.5,0.205801560405865,0.0194773325,0.417665099999999,1,0
74,79.5,0.2394028154427,0.0610509025,0.455761,1,0
75,80.5,0.2533386488128,0.076236525,0.464980899999999,1,0
76,81.5,0.26501716663425,0.0871932825,0.47581145,1,0
77,82.5,0.2696028637495,0.0922733975,0.480043125,1,0
78,83.5,0.26710303297864,0.0894211525,0.476772125,1,0
79,84.5,0.25769955385235,0.0779960475,0.4648043,1,0
80,85.5,0.24810686690885,0.067697325,0.457049825,1,0
81,86.5,0.231055665442065,0.04727608,0.44188525,1,0
82,87.5,0.20375316238323,0.0125328575,0.4147851,1,0
83,88.5,0.189239380274745,-0.00277898,0.4067096,0,0
84,89.5,0.151266757188404,-0.04074273,0.370473575,0,0
85,90.5,0.11267841092931,-0.07145415,0.323590275,0,0
86,91.5,0.08238420645116,-0.09120343,0.26204665,0,0
87,92.5,0.06637566098565,-0.099456205,0.2259165,0,0
88,93.5,0.059277254151625,-0.101483275,0.209262825,0,0
89,94.5,0.0556069260476616,-0.1002076,0.2002217,0,0
90,95.5,0.0544364185457395,-0.098112635,0.1951122,0,0
91,96.5,0.0541710184394185,-0.096077205,0.19430295,0,0
92,97.5,0.0537391970998455,-0.095755675,0.191672175,0,0
93,98.5,0.055439661455055,-0.08986127,0.191491175,0,0
94,99.5,0.0568457910838465,-0.085911555,0.1904436,0,0
95,100.5,0.0579604727932925,-0.083119395,0.190823725,0,0
96,101.5,0.058111600250377,-0.0814612975,0.189353025,0,0
97,102.5,0.0588866233454,-0.07983423,0.189902625,0,0
98,103.5,0.058939148901396,-0.0794590025,0.189697725,0,0
99,104.5,0.061668239772303,-0.0757095075,0.192781025,0,0
100,105.5,0.06219291975259,-0.0743719425,0.19238715,0,0
101,106.5,0.0642904945729955,-0.0703409175,0.195418375,0,0
102,107.5,0.066356419444807,-0.068859945,0.200189475,0,0
103,108.5,0.0658395873705288,-0.0698204825,0.198187075,0,0
104,109.5,0.0672528020985452,-0.069515745,0.202277,0,0
105,110.5,0.069032590934205,-0.0699244875,0.205210275,0,0
106,111.5,0.06944228525981,-0.0717678075,0.208327,0,0
107,112.5,0.070065510521729,-0.071844245,0.21278945,0,0
108,113.5,0.069400674127391,-0.0770697675,0.21549615,0,0
109,114.5,0.0627479011379886,-0.09224781,0.211770775,0,0
110,115.5,0.045566181086686,-0.143280075,0.1942979,0,0
111,116.5,0.024124867211305,-0.2046006,0.1802972,0,0
112,117.5,0.01320522010002,-0.234463275,0.173024675,0,0
113,118.5,0.01002776370773,-0.242511775,0.173880125,0,0
114,119.5,0.0180551374589995,-0.23776255,0.18841345,0,0
115,120.5,0.06233754465186,-0.183298125,0.26955485,0,0
116,121.5,0.119493375033205,-0.0785534125,0.337090175,0,0
117,122.5,0.143683827791479,-0.0318405225,0.352411624999999,0,0
118,123.5,0.16322737391856,7.334495e-4,0.369799025,1,0
119,124.5,0.170061838030345,0.0141533375,0.372592,1,0
120,125.5,0.16958456491061,0.0179069725,0.3662337,1,0
121,126.5,0.16416760252586,0.01585936,0.351889474999999,1,0
122,127.5,0.157304988311185,0.01278147,0.33798505,1,0
123,128.5,0.150981033800065,0.00691393925,0.3251514,1,0
124,129.5,0.145556368231176,0.00371438325000001,0.316665775,1,0
125,130.5,0.14083665013602,-0.00173616525,0.3119142,0,0
126,131.5,0.13608879407373,-0.005631585,0.30665145,0,0
127,132.5,0.128941868185927,-0.0120503625,0.301549175,0,0
128,133.5,0.116909615204224,-0.0256275,0.28948925,0,0
129,134.5,0.09406095150784,-0.0600379925,0.2454891,0,0
130,135.5,0.0821180439284955,-0.0691933725,0.2280458,0,0
131,136.5,0.0752205033353502,-0.07460784,0.213153525,0,0
132,137.5,0.070897590855325,-0.0777960775,0.20423715,0,0
133,138.5,0.069980641158887,-0.073924435,0.20205955,0,0
134,139.5,0.07239522743909,-0.06500381,0.2051122,0,0
135,140.5,0.072156918014535,-0.0640852825,0.204318475,0,0
136,141.5,0.071118834157473,-0.06404016,0.204393325,0,0
137,142.5,0.0695678899660007,-0.0653173425,0.200921125,0,0
138,143.5,0.067198340693212,-0.0650058575,0.197064575,0,0
139,144.5,0.0666133104226692,-0.0655946725,0.196472,0,0
140,145.5,0.0677828707139735,-0.0631115125,0.1996024,0,0
141,146.5,0.0684827278742315,-0.06115437,0.2020833,0,0
142,147.5,0.0688491118835765,-0.0600405575,0.2035453,0,0
143,148.5,0.0672806697751519,-0.06240664,0.20122805,0,0
144,149.5,0.063768470900175,-0.0674729525,0.195639175,0,0
145,150.5,0.0581857075998089,-0.0758394925,0.187232975,0,0
146,151.5,0.0561074486203045,-0.08028703,0.185846425,0,0
147,152.5,0.0560557168083855,-0.079531245,0.1844792,0,0
148,153.5,0.0559523849724595,-0.0793408125,0.18464645,0,0
149,154.5,0.0600942534691995,-0.07286721,0.1930303,0,0
150,155.5,0.0633462453996605,-0.0663252975,0.20213115,0,0
151,156.5,0.0666753244224515,-0.06215201,0.206507275,0,0
152,157.5,0.0652158666903995,-0.0654210375,0.207433175,0,0
153,158.5,0.0616856909954177,-0.07263113,0.203301975,0,0
154,159.5,0.053292870404815,-0.0845647775,0.193892625,0,0
155,160.5,0.0422116363140473,-0.10227545,0.177386825,0,0
156,161.5,0.0354615277429235,-0.110125,0.169112025,0,0
157,162.5,0.031226726593025,-0.115817,0.165076075,0,0
158,163.5,0.028081645926377,-0.1196691,0.16120935,0,0
159,164.5,0.028269260147831,-0.117265675,0.162055775,0,0
160,165.5,0.0281545083206465,-0.11716805,0.164300675,0,0
161,166.5,0.0244635496567545,-0.12282525,0.16061595,0,0
162,167.5,0.0209069866422005,-0.128606375,0.1570677,0,0
163,168.5,0.0179410933886925,-0.133190525,0.1574588,0,0
164,169.5,0.01416627159566,-0.1402803,0.1551963,0,0
165,170.5,0.012423075039476,-0.144640975,0.154434725,0,0
166,171.5,0.01027071466908,-0.14971605,0.15522255,0,0
167,172.5,0.00566830801262665,-0.16004705,0.154731575,0,0
168,173.5,0.00645891307935745,-0.161840075,0.15994215,0,0
169,174.5,0.007685687773001,-0.165555375,0.16837045,0,0
170,175.5,0.0068555857843235,-0.176754525,0.17493235,0,0
171,176.5,0.0042036170113755,-0.193566,0.18084745,0,0
