t_center,t_center_abs,S,S_null_mean,S_null_sd,z_S_t,S_excess,nA,nB,nM,dt,episode
9.5,9.5,0.42857142857142855,0.3378565018315019,0.16717373604925478,0.5426386278356494,0.09071492673992665,6.0,8.0,3.0,0.0,0
9.5,9.5,0.42857142857142855,0.3378565018315019,0.16717373604925478,0.5426386278356494,0.09071492673992665,6.0,8.0,3.0,0.0,0
9.5,9.5,0.42857142857142855,0.3378565018315019,0.16717373604925478,0.5426386278356494,0.09071492673992665,6.0,8.0,3.0,0.09999999999999964,0
10.5,10.5,0.4,0.32304297369297363,0.17436487795053895,0.4413562364827642,0.07695702630702639,7.0,8.0,3.0,0.0,0
10.5,10.5,0.4,0.32304297369297363,0.17436487795053895,0.4413562364827642,0.07695702630702639,7.0,8.0,3.0,0.0,0
10.5,10.5,0.4,0.32304297369297363,0.17436487795053895,0.4413562364827642,0.07695702630702639,7.0,8.0,3.0,0.09999999999999964,0
11.5,11.5,0.15384615384615385,0.32241508491508497,0.19308447236682683,-0.8730320413786539,-0.16856893106893112,6.0,7.0,1.0,0.09999999999999964,0
12.5,12.5,0.0,0.3078282828282828,0.21161725819612354,-1.454646400072873,-0.3078282828282828,6.0,6.0,0.0,,0
13.5,13.5,0.0,0.27979812409812416,0.20464446440398584,-1.367240129915161,-0.27979812409812416,6.0,5.0,0.0,,0
14.5,14.5,0.3333333333333333,0.29247561327561333,0.21557626483811498,0.1895279152758385,0.04085772005771998,7.0,5.0,2.0,-0.09999999999999787,0
14.5,14.5,0.3333333333333333,0.29247561327561333,0.21557626483811498,0.1895279152758385,0.04085772005771998,7.0,5.0,2.0,-0.09999999999999787,0
15.5,15.5,0.3076923076923077,0.3007833388833389,0.19102941356228925,0.03616704192370867,0.006908968808968796,7.0,6.0,2.0,-0.09999999999999787,0
15.5,15.5,0.3076923076923077,0.3007833388833389,0.19102941356228925,0.03616704192370867,0.006908968808968796,7.0,6.0,2.0,-0.09999999999999787,0
16.5,16.5,0.3333333333333333,0.31616270396270396,0.18562954243054028,0.09249944349269912,0.017170629370629353,6.0,6.0,2.0,-0.09999999999999787,0
16.5,16.5,0.3333333333333333,0.31616270396270396,0.18562954243054028,0.09249944349269912,0.017170629370629353,6.0,6.0,2.0,-0.09999999999999787,0
17.5,17.5,0.3076923076923077,0.30928680763680766,0.18807628332570903,-0.008477942653399883,-0.0015944999444999497,7.0,6.0,2.0,-0.09999999999999787,0
17.5,17.5,0.3076923076923077,0.30928680763680766,0.18807628332570903,-0.008477942653399883,-0.0015944999444999497,7.0,6.0,2.0,-0.09999999999999787,0
18.5,18.5,0.5333333333333333,0.34851225441225436,0.19033834668382255,0.9710133672017836,0.18482107892107896,7.0,8.0,4.0,-0.09999999999999787,0
18.5,18.5,0.5333333333333333,0.34851225441225436,0.19033834668382255,0.9710133672017836,0.18482107892107896,7.0,8.0,4.0,-0.09999999999999787,0
18.5,18.5,0.5333333333333333,0.34851225441225436,0.19033834668382255,0.9710133672017836,0.18482107892107896,7.0,8.0,4.0,0.09999999999999787,0
18.5,18.5,0.5333333333333333,0.34851225441225436,0.19033834668382255,0.9710133672017836,0.18482107892107896,7.0,8.0,4.0,-0.09999999999999787,0
19.5,19.5,0.3333333333333333,0.30619422244422245,0.20460263719607533,0.13264301604823814,0.027139110889110862,6.0,6.0,2.0,0.09999999999999787,0
19.5,19.5,0.3333333333333333,0.30619422244422245,0.20460263719607533,0.13264301604823814,0.027139110889110862,6.0,6.0,2.0,-0.09999999999999787,0
20.5,20.5,0.36363636363636365,0.28395169275169274,0.20300968118251783,0.392516605220564,0.0796846708846709,5.0,6.0,2.0,0.09999999999999787,0
20.5,20.5,0.36363636363636365,0.28395169275169274,0.20300968118251783,0.392516605220564,0.0796846708846709,5.0,6.0,2.0,-0.09999999999999787,0
21.5,21.5,0.4444444444444444,0.2787099067599068,0.19504840883099336,0.8497097652723955,0.1657345376845376,4.0,5.0,2.0,0.09999999999999787,0
21.5,21.5,0.4444444444444444,0.2787099067599068,0.19504840883099336,0.8497097652723955,0.1657345376845376,4.0,5.0,2.0,-0.09999999999999787,0
22.5,22.5,0.6666666666666666,0.2775450216450216,0.181132825854716,2.1482668488469,0.38912164502164504,4.0,5.0,3.0,0.09999999999999787,0
22.5,22.5,0.6666666666666666,0.2775450216450216,0.181132825854716,2.1482668488469,0.38912164502164504,4.0,5.0,3.0,-0.09999999999999787,0
22.5,22.5,0.6666666666666666,0.2775450216450216,0.181132825854716,2.1482668488469,0.38912164502164504,4.0,5.0,3.0,0.10000000000000142,0
23.5,23.5,0.5714285714285714,0.2476207792207792,0.1971911437061952,1.6421010909610088,0.3238077922077922,3.0,4.0,2.0,0.10000000000000142,0
23.5,23.5,0.5714285714285714,0.2476207792207792,0.1971911437061952,1.6421010909610088,0.3238077922077922,3.0,4.0,2.0,0.10000000000000142,0
24.5,24.5,0.6666666666666666,0.28175,0.21049198460892343,1.8286523706915003,0.38491666666666663,4.0,5.0,3.0,0.10000000000000142,1
24.5,24.5,0.6666666666666666,0.28175,0.21049198460892343,1.8286523706915003,0.38491666666666663,4.0,5.0,3.0,0.10000000000000142,1
24.5,24.5,0.6666666666666666,0.28175,0.21049198460892343,1.8286523706915003,0.38491666666666663,4.0,5.0,3.0,0.09999999999999787,1
25.5,25.5,0.8888888888888888,0.28625718725718724,0.2280073505754208,2.6430362885707126,0.6026317016317015,4.0,5.0,4.0,0.10000000000000142,1
25.5,25.5,0.8888888888888888,0.28625718725718724,0.2280073505754208,2.6430362885707126,0.6026317016317015,4.0,5.0,4.0,0.10000000000000142,1
25.5,25.5,0.8888888888888888,0.28625718725718724,0.2280073505754208,2.6430362885707126,0.6026317016317015,4.0,5.0,4.0,0.09999999999999787,1
25.5,25.5,0.8888888888888888,0.28625718725718724,0.2280073505754208,2.6430362885707126,0.6026317016317015,4.0,5.0,4.0,0.0,1
26.5,26.5,0.9090909090909091,0.2910924408924409,0.2191394418313606,2.8201151880000253,0.6179984681984682,5.0,6.0,5.0,0.10000000000000142,1
26.5,26.5,0.9090909090909091,0.2910924408924409,0.2191394418313606,2.8201151880000253,0.6179984681984682,5.0,6.0,5.0,0.10000000000000142,1
26.5,26.5,0.9090909090909091,0.2910924408924409,0.2191394418313606,2.8201151880000253,0.6179984681984682,5.0,6.0,5.0,0.09999999999999787,1
26.5,26.5,0.9090909090909091,0.2910924408924409,0.2191394418313606,2.8201151880000253,0.6179984681984682,5.0,6.0,5.0,0.0,1
26.5,26.5,0.9090909090909091,0.2910924408924409,0.2191394418313606,2.8201151880000253,0.6179984681984682,5.0,6.0,5.0,0.0,1
27.5,27.5,0.8333333333333334,0.3128989898989899,0.21516589197939773,2.4187585618085574,0.5204343434343435,6.0,6.0,5.0,0.10000000000000142,1
27.5,27.5,0.8333333333333334,0.3128989898989899,0.21516589197939773,2.4187585618085574,0.5204343434343435,6.0,6.0,5.0,0.09999999999999787,1
27.5,27.5,0.8333333333333334,0.3128989898989899,0.21516589197939773,2.4187585618085574,0.5204343434343435,6.0,6.0,5.0,0.0,1
27.5,27.5,0.8333333333333334,0.3128989898989899,0.21516589197939773,2.4187585618085574,0.5204343434343435,6.0,6.0,5.0,0.0,1
27.5,27.5,0.8333333333333334,0.3128989898989899,0.21516589197939773,2.4187585618085574,0.5204343434343435,6.0,6.0,5.0,0.10000000000000142,1
28.5,28.5,0.9090909090909091,0.312221250971251,0.2126919296086012,2.806263778875044,0.5968696581196581,5.0,6.0,5.0,0.09999999999999787,1
28.5,28.5,0.9090909090909091,0.312221250971251,0.2126919296086012,2.806263778875044,0.5968696581196581,5.0,6.0,5.0,0.0,1
28.5,28.5,0.9090909090909091,0.312221250971251,0.2126919296086012,2.806263778875044,0.5968696581196581,5.0,6.0,5.0,0.0,1
28.5,28.5,0.9090909090909091,0.312221250971251,0.2126919296086012,2.806263778875044,0.5968696581196581,5.0,6.0,5.0,0.10000000000000142,1
28.5,28.5,0.9090909090909091,0.312221250971251,0.2126919296086012,2.806263778875044,0.5968696581196581,5.0,6.0,5.0,0.10000000000000142,1
29.5,29.5,0.6666666666666666,0.31412117882117885,0.20258035073705627,1.7402748418729028,0.3525454878454878,5.0,7.0,4.0,0.0,1
29.5,29.5,0.6666666666666666,0.31412117882117885,0.20258035073705627,1.7402748418729028,0.3525454878454878,5.0,7.0,4.0,0.0,1
29.5,29.5,0.6666666666666666,0.31412117882117885,0.20258035073705627,1.7402748418729028,0.3525454878454878,5.0,7.0,4.0,0.10000000000000142,1
29.5,29.5,0.6666666666666666,0.31412117882117885,0.20258035073705627,1.7402748418729028,0.3525454878454878,5.0,7.0,4.0,0.10000000000000142,1
30.5,30.5,0.5454545454545454,0.31202977577977575,0.21293813054711516,1.0962093499882661,0.23342476967476966,5.0,6.0,3.0,0.0,1
30.5,30.5,0.5454545454545454,0.31202977577977575,0.21293813054711516,1.0962093499882661,0.23342476967476966,5.0,6.0,3.0,0.10000000000000142,1
30.5,30.5,0.5454545454545454,0.31202977577977575,0.21293813054711516,1.0962093499882661,0.23342476967476966,5.0,6.0,3.0,0.10000000000000142,1
31.5,31.5,0.36363636363636365,0.2693959595959596,0.2215967398310622,0.4252788380923372,0.09424040404040407,6.0,5.0,2.0,0.10000000000000142,0
31.5,31.5,0.36363636363636365,0.2693959595959596,0.2215967398310622,0.4252788380923372,0.09424040404040407,6.0,5.0,2.0,0.10000000000000142,0
32.5,32.5,0.2222222222222222,0.25814466089466087,0.22343939690900338,-0.16077038861265913,-0.03592243867243866,5.0,4.0,1.0,0.10000000000000142,0
33.5,33.5,0.0,0.21850158730158728,0.21723602130933725,-1.0058257649197502,-0.21850158730158728,5.0,3.0,0.0,,0
34.5,34.5,0.0,0.19645952380952383,0.1835336707975659,-1.0704276929447725,-0.19645952380952383,5.0,3.0,0.0,,0
35.5,35.5,0.0,0.21703412698412697,0.20174748541775525,-1.0757711628212758,-0.21703412698412697,5.0,3.0,0.0,,0
36.5,36.5,0.2222222222222222,0.29087890442890446,0.20914024525121308,-0.3282805857103872,-0.06865668220668225,4.0,5.0,1.0,0.0,0
37.5,37.5,0.2,0.29083321123321126,0.22304085844836924,-0.40724920028156114,-0.09083321123321125,5.0,5.0,1.0,0.0,0
38.5,38.5,0.3333333333333333,0.33805742035742037,0.20235328642694209,-0.023345739066079584,-0.004724087024087054,5.0,7.0,2.0,0.0,0
38.5,38.5,0.3333333333333333,0.33805742035742037,0.20235328642694209,-0.023345739066079584,-0.004724087024087054,5.0,7.0,2.0,-0.10000000000000142,0
39.5,39.5,0.3333333333333333,0.34280111000110997,0.204377213642923,-0.04632501098834945,-0.00946777666777665,5.0,7.0,2.0,0.0,0
39.5,39.5,0.3333333333333333,0.34280111000110997,0.204377213642923,-0.04632501098834945,-0.00946777666777665,5.0,7.0,2.0,-0.10000000000000142,0
40.5,40.5,0.5,0.34024818514818517,0.20490974823029742,0.7796203754653501,0.15975181485181483,5.0,7.0,3.0,0.0,0
40.5,40.5,0.5,0.34024818514818517,0.20490974823029742,0.7796203754653501,0.15975181485181483,5.0,7.0,3.0,-0.10000000000000142,0
40.5,40.5,0.5,0.34024818514818517,0.20490974823029742,0.7796203754653501,0.15975181485181483,5.0,7.0,3.0,-0.09999999999999432,0
41.5,41.5,0.5,0.3289868575868576,0.1972817230371891,0.8668473682222714,0.17101314241314242,5.0,7.0,3.0,-0.10000000000000142,0
41.5,41.5,0.5,0.3289868575868576,0.1972817230371891,0.8668473682222714,0.17101314241314242,5.0,7.0,3.0,-0.09999999999999432,0
41.5,41.5,0.5,0.3289868575868576,0.1972817230371891,0.8668473682222714,0.17101314241314242,5.0,7.0,3.0,0.0,0
42.5,42.5,0.5454545454545454,0.32786052836052837,0.1992050585014294,1.0923117049884339,0.21759401709401704,4.0,7.0,3.0,-0.10000000000000142,0
42.5,42.5,0.5454545454545454,0.32786052836052837,0.1992050585014294,1.0923117049884339,0.21759401709401704,4.0,7.0,3.0,-0.09999999999999432,0
42.5,42.5,0.5454545454545454,0.32786052836052837,0.1992050585014294,1.0923117049884339,0.21759401709401704,4.0,7.0,3.0,0.0,0
43.5,43.5,0.6,0.30416561771561773,0.19928757715042272,1.4844597265643196,0.29583438228438225,4.0,6.0,3.0,-0.09999999999999432,0
43.5,43.5,0.6,0.30416561771561773,0.19928757715042272,1.4844597265643196,0.29583438228438225,4.0,6.0,3.0,0.0,0
43.5,43.5,0.6,0.30416561771561773,0.19928757715042272,1.4844597265643196,0.29583438228438225,4.0,6.0,3.0,0.0,0
44.5,44.5,0.6666666666666666,0.2688398268398269,0.20196746127431195,1.9697570951120282,0.39782683982683975,4.0,5.0,3.0,-0.09999999999999432,0
44.5,44.5,0.6666666666666666,0.2688398268398269,0.20196746127431195,1.9697570951120282,0.39782683982683975,4.0,5.0,3.0,0.0,0
44.5,44.5,0.6666666666666666,0.2688398268398269,0.20196746127431195,1.9697570951120282,0.39782683982683975,4.0,5.0,3.0,0.0,0
45.5,45.5,0.6666666666666666,0.2715313131313131,0.18805707391377124,2.10114591975696,0.3951353535353535,4.0,5.0,3.0,0.0,0
45.5,45.5,0.6666666666666666,0.2715313131313131,0.18805707391377124,2.10114591975696,0.3951353535353535,4.0,5.0,3.0,0.0,0
45.5,45.5,0.6666666666666666,0.2715313131313131,0.18805707391377124,2.10114591975696,0.3951353535353535,4.0,5.0,3.0,0.0,0
46.5,46.5,0.4444444444444444,0.25716591741591743,0.19350409683659223,0.9678271937915478,0.187278527028527,4.0,5.0,2.0,0.0,0
46.5,46.5,0.4444444444444444,0.25716591741591743,0.19350409683659223,0.9678271937915478,0.187278527028527,4.0,5.0,2.0,0.0,0
47.5,47.5,0.6,0.2727256854256854,0.21116584182076073,1.5498449548109567,0.32727431457431455,5.0,5.0,3.0,0.0,0
47.5,47.5,0.6,0.2727256854256854,0.21116584182076073,1.5498449548109567,0.32727431457431455,5.0,5.0,3.0,0.0,0
47.5,47.5,0.6,0.2727256854256854,0.21116584182076073,1.5498449548109567,0.32727431457431455,5.0,5.0,3.0,0.0,0
48.5,48.5,0.6,0.2686878066378066,0.22420971778551443,1.4776888202461247,0.33131219336219336,5.0,5.0,3.0,0.0,0
48.5,48.5,0.6,0.2686878066378066,0.22420971778551443,1.4776888202461247,0.33131219336219336,5.0,5.0,3.0,0.0,0
48.5,48.5,0.6,0.2686878066378066,0.22420971778551443,1.4776888202461247,0.33131219336219336,5.0,5.0,3.0,0.0,0
49.5,49.5,0.6666666666666666,0.30472410922410925,0.20789384487675075,1.7409969865011345,0.3619425574425574,5.0,7.0,4.0,0.0,0
49.5,49.5,0.6666666666666666,0.30472410922410925,0.20789384487675075,1.7409969865011345,0.3619425574425574,5.0,7.0,4.0,0.0,0
49.5,49.5,0.6666666666666666,0.30472410922410925,0.20789384487675075,1.7409969865011345,0.3619425574425574,5.0,7.0,4.0,0.0,0
49.5,49.5,0.6666666666666666,0.30472410922410925,0.20789384487675075,1.7409969865011345,0.3619425574425574,5.0,7.0,4.0,-0.10000000000000142,0
50.5,50.5,0.5,0.31866592296592294,0.20498523850443265,0.8846201724430798,0.18133407703407706,5.0,7.0,3.0,0.0,0
50.5,50.5,0.5,0.31866592296592294,0.20498523850443265,0.8846201724430798,0.18133407703407706,5.0,7.0,3.0,0.0,0
50.5,50.5,0.5,0.31866592296592294,0.20498523850443265,0.8846201724430798,0.18133407703407706,5.0,7.0,3.0,-0.10000000000000142,0
51.5,51.5,0.6153846153846154,0.32776327006327005,0.1841711516512333,1.5617068294496887,0.28762134532134537,5.0,8.0,4.0,0.0,0
51.5,51.5,0.6153846153846154,0.32776327006327005,0.1841711516512333,1.5617068294496887,0.28762134532134537,5.0,8.0,4.0,0.0,0
51.5,51.5,0.6153846153846154,0.32776327006327005,0.1841711516512333,1.5617068294496887,0.28762134532134537,5.0,8.0,4.0,-0.10000000000000142,0
51.5,51.5,0.6153846153846154,0.32776327006327005,0.1841711516512333,1.5617068294496887,0.28762134532134537,5.0,8.0,4.0,0.0,0
52.5,52.5,0.46153846153846156,0.34354948384948386,0.17361351065564026,0.6796071183826645,0.1179889776889777,5.0,8.0,3.0,0.0,0
52.5,52.5,0.46153846153846156,0.34354948384948386,0.17361351065564026,0.6796071183826645,0.1179889776889777,5.0,8.0,3.0,-0.10000000000000142,0
52.5,52.5,0.46153846153846156,0.34354948384948386,0.17361351065564026,0.6796071183826645,0.1179889776889777,5.0,8.0,3.0,0.0,0
53.5,53.5,0.3076923076923077,0.34485177322677324,0.17180524369868386,-0.21628830840365204,-0.03715946553446553,5.0,8.0,2.0,-0.10000000000000142,0
53.5,53.5,0.3076923076923077,0.34485177322677324,0.17180524369868386,-0.21628830840365204,-0.03715946553446553,5.0,8.0,2.0,0.0,0
54.5,54.5,0.15384615384615385,0.3314706293706294,0.17179258193442845,-1.0339472957701576,-0.17762447552447552,5.0,8.0,1.0,0.0,0
55.5,55.5,0.2,0.304475419025419,0.17679199963211772,-0.5909510568510986,-0.10447541902541901,4.0,6.0,1.0,0.0,0
56.5,56.5,0.0,0.27660238095238093,0.170985894900234,-1.6176912201662688,-0.27660238095238093,3.0,5.0,0.0,,0
57.5,57.5,0.0,0.2792155844155844,0.17421182717252048,-1.6027360997659454,-0.2792155844155844,3.0,5.0,0.0,,0
58.5,58.5,0.2222222222222222,0.291075641025641,0.17059130006032705,-0.40361623822006043,-0.06885341880341878,3.0,6.0,1.0,-0.10000000000000142,0
59.5,59.5,0.2222222222222222,0.3076252525252526,0.1774642238444395,-0.481240829576402,-0.08540303030303037,3.0,6.0,1.0,-0.10000000000000142,0
60.5,60.5,0.16666666666666666,0.34854725274725273,0.1684840899846226,-1.0795119355019585,-0.18188058608058608,4.0,8.0,1.0,-0.10000000000000142,0
61.5,61.5,0.2857142857142857,0.35529348984348985,0.1595662517124881,-0.4360521312149033,-0.06957920412920415,5.0,9.0,2.0,-0.10000000000000142,0
61.5,61.5,0.2857142857142857,0.35529348984348985,0.1595662517124881,-0.4360521312149033,-0.06957920412920415,5.0,9.0,2.0,0.0,0
62.5,62.5,0.46153846153846156,0.3529677655677656,0.17261460700987638,0.6289774535968671,0.10857069597069596,5.0,8.0,3.0,-0.10000000000000142,0
62.5,62.5,0.46153846153846156,0.3529677655677656,0.17261460700987638,0.6289774535968671,0.10857069597069596,5.0,8.0,3.0,0.0,0
62.5,62.5,0.46153846153846156,0.3529677655677656,0.17261460700987638,0.6289774535968671,0.10857069597069596,5.0,8.0,3.0,0.0,0
63.5,63.5,0.3076923076923077,0.33606338661338664,0.18882727905284838,-0.15024883620304946,-0.02837107892107893,5.0,8.0,2.0,0.0,0
63.5,63.5,0.3076923076923077,0.33606338661338664,0.18882727905284838,-0.15024883620304946,-0.02837107892107893,5.0,8.0,2.0,0.0,0
64.5,64.5,0.36363636363636365,0.31165979020979023,0.20974587483854154,0.24780736911552614,0.051976573426573414,5.0,6.0,2.0,0.0,0
64.5,64.5,0.36363636363636365,0.31165979020979023,0.20974587483854154,0.24780736911552614,0.051976573426573414,5.0,6.0,2.0,0.0,0
65.5,65.5,0.4,0.262835902985903,0.22076471920831792,0.6213134848085319,0.13716409701409704,5.0,5.0,2.0,0.0,0
65.5,65.5,0.4,0.262835902985903,0.22076471920831792,0.6213134848085319,0.13716409701409704,5.0,5.0,2.0,0.0,0
66.5,66.5,0.36363636363636365,0.2566834054834055,0.21742379078968974,0.49191009762317994,0.10695295815295813,6.0,5.0,2.0,0.0,0
66.5,66.5,0.36363636363636365,0.2566834054834055,0.21742379078968974,0.49191009762317994,0.10695295815295813,6.0,5.0,2.0,0.0,0
67.5,67.5,0.2,0.248907215007215,0.2210126301307402,-0.2212869688862753,-0.04890721500721498,6.0,4.0,1.0,0.0,0
68.5,68.5,0.2222222222222222,0.2511976911976912,0.22397614516117642,-0.129368549291791,-0.028975468975468988,5.0,4.0,1.0,0.0,0
69.5,69.5,0.2222222222222222,0.2604691919191919,0.20975850978827998,-0.18233810745306256,-0.03824696969696967,4.0,5.0,1.0,0.0,0
70.5,70.5,0.2222222222222222,0.26284898434898435,0.2003352077454677,-0.20279392016993708,-0.04062676212676214,4.0,5.0,1.0,0.0,0
71.5,71.5,0.25,0.2861569985569986,0.1943221566191791,-0.1860672976569364,-0.03615699855699861,3.0,5.0,1.0,0.0,0
72.5,72.5,0.0,0.2843822954822955,0.19622400145389673,-1.4492737553775334,-0.2843822954822955,2.0,5.0,0.0,,0
73.5,73.5,0.0,0.2799142135642136,0.18718014620118384,-1.495426834763543,-0.2799142135642136,2.0,5.0,0.0,,0
74.5,74.5,0.0,0.2621590909090909,0.18369689936864608,-1.427128556933264,-0.2621590909090909,3.0,5.0,0.0,,0
75.5,75.5,0.25,0.28632861582861585,0.19825559206220095,-0.18324131718422382,-0.03632861582861585,3.0,5.0,1.0,0.10000000000000853,0
76.5,76.5,0.4444444444444444,0.26393477633477636,0.19184856041736117,0.9408966515931855,0.18050966810966806,4.0,5.0,2.0,0.10000000000000853,0
76.5,76.5,0.4444444444444444,0.26393477633477636,0.19184856041736117,0.9408966515931855,0.18050966810966806,4.0,5.0,2.0,-0.09999999999999432,0
77.5,77.5,0.4444444444444444,0.27633835608835605,0.19471957126441264,0.8633240473183591,0.16810608835608837,4.0,5.0,2.0,0.10000000000000853,0
77.5,77.5,0.4444444444444444,0.27633835608835605,0.19471957126441264,0.8633240473183591,0.16810608835608837,4.0,5.0,2.0,-0.09999999999999432,0
78.5,78.5,0.4,0.2772722166722167,0.1916579417251358,0.6403480190963966,0.12272778332778334,5.0,5.0,2.0,0.10000000000000853,0
78.5,78.5,0.4,0.2772722166722167,0.1916579417251358,0.6403480190963966,0.12272778332778334,5.0,5.0,2.0,-0.09999999999999432,0
79.5,79.5,0.5,0.3102257686757687,0.1913846545403308,0.9915854109621934,0.18977423132423132,5.0,7.0,3.0,0.10000000000000853,0
79.5,79.5,0.5,0.3102257686757687,0.1913846545403308,0.9915854109621934,0.18977423132423132,5.0,7.0,3.0,-0.09999999999999432,0
79.5,79.5,0.5,0.3102257686757687,0.1913846545403308,0.9915854109621934,0.18977423132423132,5.0,7.0,3.0,0.10000000000000853,0
80.5,80.5,0.3076923076923077,0.32232851037851035,0.2015104105138573,-0.07263248905542846,-0.014636202686202637,6.0,7.0,2.0,-0.09999999999999432,0
80.5,80.5,0.3076923076923077,0.32232851037851035,0.2015104105138573,-0.07263248905542846,-0.014636202686202637,6.0,7.0,2.0,0.10000000000000853,0
81.5,81.5,0.16666666666666666,0.3059025419025419,0.20792054412910904,-0.6696590556699208,-0.13923587523587524,5.0,7.0,1.0,0.10000000000000853,0
82.5,82.5,0.36363636363636365,0.3039203962703963,0.21957347039019712,0.27196349021513383,0.05971596736596735,5.0,6.0,2.0,0.10000000000000853,0
82.5,82.5,0.36363636363636365,0.3039203962703963,0.21957347039019712,0.27196349021513383,0.05971596736596735,5.0,6.0,2.0,-0.10000000000000853,0
83.5,83.5,0.3333333333333333,0.3277483627483628,0.21283028428329034,0.026241428017530606,0.005584970584970539,5.0,7.0,2.0,0.10000000000000853,0
83.5,83.5,0.3333333333333333,0.3277483627483628,0.21283028428329034,0.026241428017530606,0.005584970584970539,5.0,7.0,2.0,-0.10000000000000853,0
84.5,84.5,0.16666666666666666,0.30536285936285934,0.21006438830185617,-0.6602556188481146,-0.13869619269619268,5.0,7.0,1.0,-0.10000000000000853,0
85.5,85.5,0.16666666666666666,0.3013493783993784,0.212409252860764,-0.6340717737988437,-0.13468271173271176,6.0,6.0,1.0,-0.10000000000000853,0
86.5,86.5,0.16666666666666666,0.29623853923853927,0.22634806619799497,-0.5724452377628503,-0.1295718725718726,6.0,6.0,1.0,-0.10000000000000853,0
87.5,87.5,0.0,0.29862365967365967,0.22384059630083955,-1.3340907083374296,-0.29862365967365967,5.0,6.0,0.0,,0
88.5,88.5,0.0,0.23943492063492067,0.2199230871973775,-1.0887211692332766,-0.23943492063492067,4.0,4.0,0.0,,0
89.5,89.5,0.0,0.2067952380952381,0.22156641624823067,-0.9333329554040185,-0.2067952380952381,4.0,3.0,0.0,,0
90.5,90.5,0.0,0.1610936507936508,0.19767065193012415,-0.814959880086786,-0.1610936507936508,3.0,2.0,0.0,,0
91.5,91.5,0.2857142857142857,0.13876190476190475,0.17360720596026957,0.8464647543835903,0.14695238095238095,5.0,2.0,1.0,0.0,0
92.5,92.5,0.5714285714285714,0.16226666666666664,0.19098574477731917,2.1423688204529046,0.4091619047619047,5.0,2.0,2.0,0.0,0
92.5,92.5,0.5714285714285714,0.16226666666666664,0.19098574477731917,2.1423688204529046,0.4091619047619047,5.0,2.0,2.0,0.09999999999999432,0
93.5,93.5,0.6666666666666666,0.2137049062049062,0.21220990944761717,2.134498627518483,0.4529617604617604,6.0,3.0,3.0,0.0,1
93.5,93.5,0.6666666666666666,0.2137049062049062,0.21220990944761717,2.134498627518483,0.4529617604617604,6.0,3.0,3.0,0.09999999999999432,1
93.5,93.5,0.6666666666666666,0.2137049062049062,0.21220990944761717,2.134498627518483,0.4529617604617604,6.0,3.0,3.0,-0.10000000000000853,1
94.5,94.5,0.6666666666666666,0.27885795315795314,0.20207636057525133,1.9191196456861028,0.3878087135087135,7.0,5.0,4.0,0.0,1
94.5,94.5,0.6666666666666666,0.27885795315795314,0.20207636057525133,1.9191196456861028,0.3878087135087135,7.0,5.0,4.0,0.09999999999999432,1
94.5,94.5,0.6666666666666666,0.27885795315795314,0.20207636057525133,1.9191196456861028,0.3878087135087135,7.0,5.0,4.0,-0.10000000000000853,1
94.5,94.5,0.6666666666666666,0.27885795315795314,0.20207636057525133,1.9191196456861028,0.3878087135087135,7.0,5.0,4.0,0.10000000000000853,1
95.5,95.5,0.6666666666666666,0.3026477688977689,0.19417122944291734,1.874731384321344,0.36401889776889773,6.0,6.0,4.0,0.0,1
95.5,95.5,0.6666666666666666,0.3026477688977689,0.19417122944291734,1.874731384321344,0.36401889776889773,6.0,6.0,4.0,0.09999999999999432,1
95.5,95.5,0.6666666666666666,0.3026477688977689,0.19417122944291734,1.874731384321344,0.36401889776889773,6.0,6.0,4.0,-0.10000000000000853,1
95.5,95.5,0.6666666666666666,0.3026477688977689,0.19417122944291734,1.874731384321344,0.36401889776889773,6.0,6.0,4.0,0.10000000000000853,1
96.5,96.5,0.6666666666666666,0.3267147852147852,0.17751609417108669,1.9150482272567477,0.33995188145188143,7.0,8.0,5.0,0.0,1
96.5,96.5,0.6666666666666666,0.3267147852147852,0.17751609417108669,1.9150482272567477,0.33995188145188143,7.0,8.0,5.0,0.09999999999999432,1
96.5,96.5,0.6666666666666666,0.3267147852147852,0.17751609417108669,1.9150482272567477,0.33995188145188143,7.0,8.0,5.0,-0.10000000000000853,1
96.5,96.5,0.6666666666666666,0.3267147852147852,0.17751609417108669,1.9150482272567477,0.33995188145188143,7.0,8.0,5.0,0.10000000000000853,1
96.5,96.5,0.6666666666666666,0.3267147852147852,0.17751609417108669,1.9150482272567477,0.33995188145188143,7.0,8.0,5.0,0.0,1
97.5,97.5,0.46153846153846156,0.3211634476634476,0.18084843105703988,0.7762025529032068,0.14037501387501394,6.0,7.0,3.0,-0.10000000000000853,1
97.5,97.5,0.46153846153846156,0.3211634476634476,0.18084843105703988,0.7762025529032068,0.14037501387501394,6.0,7.0,3.0,0.10000000000000853,1
97.5,97.5,0.46153846153846156,0.3211634476634476,0.18084843105703988,0.7762025529032068,0.14037501387501394,6.0,7.0,3.0,0.0,1
98.5,98.5,0.3333333333333333,0.3182466755466755,0.17564991241547082,0.08589049421768458,0.015086657786657798,5.0,7.0,2.0,0.10000000000000853,0
98.5,98.5,0.3333333333333333,0.3182466755466755,0.17564991241547082,0.08589049421768458,0.015086657786657798,5.0,7.0,2.0,0.0,0
99.5,99.5,0.16666666666666666,0.30848097458097457,0.19426087396995942,-0.7300199212335374,-0.1418143079143079,5.0,7.0,1.0,0.0,0
100.5,100.5,0.18181818181818182,0.3055300310800311,0.2094763158587729,-0.5905767855171498,-0.12371184926184925,5.0,6.0,1.0,0.0,0
101.5,101.5,0.0,0.27865865800865797,0.21782483885338882,-1.2792786143007984,-0.27865865800865797,4.0,5.0,0.0,,0
102.5,102.5,0.0,0.2768580974580974,0.21931502797901073,-1.2623763177988596,-0.2768580974580974,4.0,5.0,0.0,,0
103.5,103.5,0.0,0.30188475413475413,0.2133365320998408,-1.4150635672350438,-0.30188475413475413,4.0,6.0,0.0,,0
104.5,104.5,0.0,0.28681760461760464,0.21156330403388007,-1.3557058296446023,-0.28681760461760464,3.0,6.0,0.0,,0
105.5,105.5,0.2222222222222222,0.3027703574203574,0.2278049678879279,-0.35358375168430073,-0.0805481351981352,3.0,6.0,1.0,0.09999999999999432,0
106.5,106.5,0.2,0.33085716505716506,0.2173523427013785,-0.6020508609697867,-0.13085716505716505,3.0,7.0,1.0,0.09999999999999432,0
107.5,107.5,0.18181818181818182,0.3346236319236319,0.2097500274538671,-0.7285121816685268,-0.1528054501054501,4.0,7.0,1.0,0.09999999999999432,0
108.5,108.5,0.18181818181818182,0.32158580308580303,0.21310007635326786,-0.6558778563547797,-0.1397676212676212,4.0,7.0,1.0,0.09999999999999432,0
109.5,109.5,0.16666666666666666,0.33646708846708845,0.20888642014878184,-0.8128839667005611,-0.1698004218004218,5.0,7.0,1.0,0.09999999999999432,0
110.5,110.5,0.16666666666666666,0.34048543678543686,0.21323307335513264,-0.8151585839091705,-0.1738187701187702,5.0,7.0,1.0,0.09999999999999432,0
111.5,111.5,0.18181818181818182,0.31597148407148407,0.2398345042077152,-0.5593578067362448,-0.13415330225330224,5.0,6.0,1.0,0.09999999999999432,0
112.5,112.5,0.18181818181818182,0.31605634365634366,0.2190722991131084,-0.6127573517127048,-0.13423816183816184,5.0,6.0,1.0,0.09999999999999432,0
113.5,113.5,0.2222222222222222,0.27249855699855696,0.20508798041110943,-0.24514520390494485,-0.05027633477633475,4.0,5.0,1.0,0.09999999999999432,0
114.5,114.5,0.2857142857142857,0.22386594516594516,0.21528650021511261,0.28728387746812806,0.06184834054834054,4.0,3.0,1.0,0.09999999999999432,0
115.5,115.5,0.0,0.2321975468975469,0.20294665119252325,-1.144130960196407,-0.2321975468975469,4.0,4.0,0.0,,0
116.5,116.5,0.25,0.24807388167388167,0.20100785414257258,0.009582303807652001,0.0019261183261183312,4.0,4.0,1.0,-0.09999999999999432,0
117.5,117.5,0.5,0.24810858585858586,0.20079319895322378,1.254481802444385,0.25189141414141414,4.0,4.0,2.0,-0.09999999999999432,0
117.5,117.5,0.5,0.24810858585858586,0.20079319895322378,1.254481802444385,0.25189141414141414,4.0,4.0,2.0,0.0,0
118.5,118.5,0.5454545454545454,0.30178558663558663,0.2077389048854232,1.1729577517189307,0.24366895881895878,5.0,6.0,3.0,-0.09999999999999432,0
118.5,118.5,0.5454545454545454,0.30178558663558663,0.2077389048854232,1.1729577517189307,0.24366895881895878,5.0,6.0,3.0,0.0,0
118.5,118.5,0.5454545454545454,0.30178558663558663,0.2077389048854232,1.1729577517189307,0.24366895881895878,5.0,6.0,3.0,0.0,0
119.5,119.5,0.6153846153846154,0.3204460206460207,0.20625269882676053,1.4299865961333424,0.29493859473859474,6.0,7.0,4.0,-0.09999999999999432,0
119.5,119.5,0.6153846153846154,0.3204460206460207,0.20625269882676053,1.4299865961333424,0.29493859473859474,6.0,7.0,4.0,0.0,0
119.5,119.5,0.6153846153846154,0.3204460206460207,0.20625269882676053,1.4299865961333424,0.29493859473859474,6.0,7.0,4.0,0.0,0
119.5,119.5,0.6153846153846154,0.3204460206460207,0.20625269882676053,1.4299865961333424,0.29493859473859474,6.0,7.0,4.0,0.0,0
120.5,120.5,0.7142857142857143,0.3240201132201132,0.18865488956773893,2.068674721126013,0.3902656010656011,6.0,8.0,5.0,-0.09999999999999432,0
120.5,120.5,0.7142857142857143,0.3240201132201132,0.18865488956773893,2.068674721126013,0.3902656010656011,6.0,8.0,5.0,0.0,0
120.5,120.5,0.7142857142857143,0.3240201132201132,0.18865488956773893,2.068674721126013,0.3902656010656011,6.0,8.0,5.0,0.0,0
120.5,120.5,0.7142857142857143,0.3240201132201132,0.18865488956773893,2.068674721126013,0.3902656010656011,6.0,8.0,5.0,0.0,0
120.5,120.5,0.7142857142857143,0.3240201132201132,0.18865488956773893,2.068674721126013,0.3902656010656011,6.0,8.0,5.0,0.0,0
121.5,121.5,0.6153846153846154,0.32364616494616494,0.19650097534648617,1.4846666787482048,0.2917384504384505,6.0,7.0,4.0,0.0,0
121.5,121.5,0.6153846153846154,0.32364616494616494,0.19650097534648617,1.4846666787482048,0.2917384504384505,6.0,7.0,4.0,0.0,0
121.5,121.5,0.6153846153846154,0.32364616494616494,0.19650097534648617,1.4846666787482048,0.2917384504384505,6.0,7.0,4.0,0.0,0
121.5,121.5,0.6153846153846154,0.32364616494616494,0.19650097534648617,1.4846666787482048,0.2917384504384505,6.0,7.0,4.0,0.0,0
122.5,122.5,0.42857142857142855,0.3228941946941947,0.1979062925445205,0.5339761182856828,0.10567723387723382,7.0,7.0,3.0,0.0,0
122.5,122.5,0.42857142857142855,0.3228941946941947,0.1979062925445205,0.5339761182856828,0.10567723387723382,7.0,7.0,3.0,0.0,0
122.5,122.5,0.42857142857142855,0.3228941946941947,0.1979062925445205,0.5339761182856828,0.10567723387723382,7.0,7.0,3.0,0.0,0
123.5,123.5,0.3076923076923077,0.281493006993007,0.19129823430289647,0.13695526670579428,0.02619930069930071,7.0,6.0,2.0,0.0,0
123.5,123.5,0.3076923076923077,0.281493006993007,0.19129823430289647,0.13695526670579428,0.02619930069930071,7.0,6.0,2.0,0.0,0
124.5,124.5,0.16666666666666666,0.30121282051282056,0.2054827658557713,-0.6547807222946963,-0.1345461538461539,6.0,6.0,1.0,0.0,0
125.5,125.5,0.0,0.2887178044178045,0.20063180356415522,-1.439043059419452,-0.2887178044178045,6.0,6.0,0.0,,0
126.5,126.5,0.0,0.30426197691197693,0.1982546231952905,-1.5347030601766296,-0.30426197691197693,5.0,6.0,0.0,,0
127.5,127.5,0.0,0.3197705183705184,0.17600175646695748,-1.8168598131607399,-0.3197705183705184,3.0,7.0,0.0,,0
128.5,128.5,0.0,0.32545984015984014,0.16876302474951274,-1.928502055725212,-0.32545984015984014,3.0,8.0,0.0,,0
129.5,129.5,0.0,0.34462309357309356,0.17213180405030806,-2.0020884314462446,-0.34462309357309356,2.0,8.0,0.0,,0
130.5,130.5,0.0,0.3314884892884893,0.17885463204632882,-1.8533961659020586,-0.3314884892884893,2.0,8.0,0.0,,0
131.5,131.5,0.2,0.33113293373293373,0.18227626642868638,-0.7194185853276628,-0.13113293373293372,3.0,7.0,1.0,0.0,0
132.5,132.5,0.4,0.31786660006660006,0.20231934018518444,0.40595921209619723,0.08213339993339996,4.0,6.0,2.0,0.0,0
132.5,132.5,0.4,0.31786660006660006,0.20231934018518444,0.40595921209619723,0.08213339993339996,4.0,6.0,2.0,0.10000000000002274,0
133.5,133.5,0.4,0.3228439116439117,0.1994095656443803,0.38692270406769586,0.07715608835608834,4.0,6.0,2.0,0.0,0
133.5,133.5,0.4,0.3228439116439117,0.1994095656443803,0.38692270406769586,0.07715608835608834,4.0,6.0,2.0,0.10000000000002274,0
134.5,134.5,0.4444444444444444,0.26586406926406925,0.20260383399125892,0.8814264353362622,0.17858037518037517,5.0,4.0,2.0,0.0,0
134.5,134.5,0.4444444444444444,0.26586406926406925,0.20260383399125892,0.8814264353362622,0.17858037518037517,5.0,4.0,2.0,0.10000000000002274,0
135.5,135.5,0.6666666666666666,0.2621815295815296,0.21216499071271389,1.9064650380176904,0.404485137085137,5.0,4.0,3.0,0.0,0
135.5,135.5,0.6666666666666666,0.2621815295815296,0.21216499071271389,1.9064650380176904,0.404485137085137,5.0,4.0,3.0,0.10000000000002274,0
135.5,135.5,0.6666666666666666,0.2621815295815296,0.21216499071271389,1.9064650380176904,0.404485137085137,5.0,4.0,3.0,-0.09999999999999432,0
136.5,136.5,0.4444444444444444,0.2559943722943723,0.18506683159121395,1.018281182693673,0.18845007215007215,5.0,4.0,2.0,0.10000000000002274,0
136.5,136.5,0.4444444444444444,0.2559943722943723,0.18506683159121395,1.018281182693673,0.18845007215007215,5.0,4.0,2.0,-0.09999999999999432,0
137.5,137.5,0.2,0.25475461760461765,0.1995111966790014,-0.2744438333088329,-0.05475461760461764,6.0,4.0,1.0,-0.09999999999999432,0
138.5,138.5,0.36363636363636365,0.2786380563880564,0.19678831128341165,0.4319276215846679,0.08499830724830726,6.0,5.0,2.0,-0.09999999999999432,0
138.5,138.5,0.36363636363636365,0.2786380563880564,0.19678831128341165,0.4319276215846679,0.08499830724830726,6.0,5.0,2.0,0.09999999999999432,0
139.5,139.5,0.3333333333333333,0.3047166278166278,0.19674620307770893,0.14544984893763252,0.028616705516705532,6.0,6.0,2.0,-0.09999999999999432,0
139.5,139.5,0.3333333333333333,0.3047166278166278,0.19674620307770893,0.14544984893763252,0.028616705516705532,6.0,6.0,2.0,0.09999999999999432,0
140.5,140.5,0.2857142857142857,0.32229800199800196,0.18682945940292978,-0.19581342471701532,-0.03658371628371626,7.0,7.0,2.0,0.09999999999999432,0
140.5,140.5,0.2857142857142857,0.32229800199800196,0.18682945940292978,-0.19581342471701532,-0.03658371628371626,7.0,7.0,2.0,0.0,0
141.5,141.5,0.4,0.32480244477744474,0.16978336652228437,0.4429029578270582,0.07519755522255528,7.0,8.0,3.0,0.09999999999999432,0
141.5,141.5,0.4,0.32480244477744474,0.16978336652228437,0.4429029578270582,0.07519755522255528,7.0,8.0,3.0,0.0,0
141.5,141.5,0.4,0.32480244477744474,0.16978336652228437,0.4429029578270582,0.07519755522255528,7.0,8.0,3.0,-0.09999999999999432,0
142.5,142.5,0.42857142857142855,0.33684999167499163,0.17127028736094044,0.5355361884991776,0.09172143689643691,6.0,8.0,3.0,0.09999999999999432,0
142.5,142.5,0.42857142857142855,0.33684999167499163,0.17127028736094044,0.5355361884991776,0.09172143689643691,6.0,8.0,3.0,0.0,0
142.5,142.5,0.42857142857142855,0.33684999167499163,0.17127028736094044,0.5355361884991776,0.09172143689643691,6.0,8.0,3.0,-0.09999999999999432,0
143.5,143.5,0.36363636363636365,0.30002008547008546,0.18546458319866777,0.34301038542832235,0.06361627816627818,5.0,6.0,2.0,0.0,0
143.5,143.5,0.36363636363636365,0.30002008547008546,0.18546458319866777,0.34301038542832235,0.06361627816627818,5.0,6.0,2.0,-0.09999999999999432,0
144.5,144.5,0.4,0.2729059107559108,0.18876809888383939,0.6732816084686959,0.12709408924408921,5.0,5.0,2.0,0.0,0
144.5,144.5,0.4,0.2729059107559108,0.18876809888383939,0.6732816084686959,0.12709408924408921,5.0,5.0,2.0,-0.09999999999999432,0
145.5,145.5,0.2857142857142857,0.2058031746031746,0.20272633116484817,0.39418219948019917,0.0799111111111111,4.0,3.0,1.0,-0.09999999999999432,0
146.5,146.5,0.0,0.22949249639249641,0.20033541309255407,-1.1455413341547953,-0.22949249639249641,2.0,4.0,0.0,,0
147.5,147.5,0.0,0.2272595238095238,0.243458992373797,-0.9334612026184631,-0.2272595238095238,2.0,3.0,0.0,,0
148.5,148.5,0.2857142857142857,0.29661417471417467,0.21028593972507198,-0.05183365570774488,-0.010899888999888974,2.0,5.0,1.0,-0.10000000000002274,0
149.5,149.5,0.25,0.3211838383838384,0.2095374993123327,-0.33971885040840877,-0.0711838383838384,2.0,6.0,1.0,-0.10000000000002274,0
150.5,150.5,0.36363636363636365,0.342065145965146,0.20128812595068957,0.10716587264815643,0.02157121767121767,4.0,7.0,2.0,-0.10000000000002274,0
150.5,150.5,0.36363636363636365,0.342065145965146,0.20128812595068957,0.10716587264815643,0.02157121767121767,4.0,7.0,2.0,0.0,0
151.5,151.5,0.3333333333333333,0.3211783716283716,0.18180027597508253,0.06685887378206001,0.01215496170496172,5.0,7.0,2.0,-0.10000000000002274,0
151.5,151.5,0.3333333333333333,0.3211783716283716,0.18180027597508253,0.06685887378206001,0.01215496170496172,5.0,7.0,2.0,0.0,0
152.5,152.5,0.46153846153846156,0.33553923853923856,0.19339485388921449,0.6515128012216974,0.125999222999223,6.0,7.0,3.0,-0.10000000000002274,0
152.5,152.5,0.46153846153846156,0.33553923853923856,0.19339485388921449,0.6515128012216974,0.125999222999223,6.0,7.0,3.0,0.0,0
152.5,152.5,0.46153846153846156,0.33553923853923856,0.19339485388921449,0.6515128012216974,0.125999222999223,6.0,7.0,3.0,-0.10000000000002274,0
153.5,153.5,0.3333333333333333,0.3070604895104896,0.20448686250202006,0.12848181786047105,0.026272843822843728,6.0,6.0,2.0,0.0,0
153.5,153.5,0.3333333333333333,0.3070604895104896,0.20448686250202006,0.12848181786047105,0.026272843822843728,6.0,6.0,2.0,-0.10000000000002274,0
154.5,154.5,0.36363636363636365,0.2807293650793651,0.20460987050678814,0.40519549888600337,0.08290699855699857,6.0,5.0,2.0,0.0,0
154.5,154.5,0.36363636363636365,0.2807293650793651,0.20460987050678814,0.40519549888600337,0.08290699855699857,6.0,5.0,2.0,-0.10000000000002274,0
155.5,155.5,0.3076923076923077,0.3026267399267399,0.18327266577990495,0.027639515931148974,0.005065567765567824,7.0,6.0,2.0,-0.10000000000002274,0
155.5,155.5,0.3076923076923077,0.3026267399267399,0.18327266577990495,0.027639515931148974,0.005065567765567824,7.0,6.0,2.0,0.0,0
156.5,156.5,0.3333333333333333,0.29140400155400153,0.18375080737202945,0.2281858369984733,0.04192933177933178,6.0,6.0,2.0,-0.10000000000002274,0
156.5,156.5,0.3333333333333333,0.29140400155400153,0.18375080737202945,0.2281858369984733,0.04192933177933178,6.0,6.0,2.0,0.0,0
157.5,157.5,0.18181818181818182,0.278925468975469,0.19458536649149008,-0.49904722491829323,-0.09710728715728717,6.0,5.0,1.0,0.0,0
158.5,158.5,0.2222222222222222,0.25206479076479077,0.19317215874219867,-0.1544869029620127,-0.02984256854256856,5.0,4.0,1.0,0.0,0
159.5,159.5,0.4,0.2857201298701299,0.19438775753753199,0.5878964373968109,0.11427987012987012,5.0,5.0,2.0,0.0,0
159.5,159.5,0.4,0.2857201298701299,0.19438775753753199,0.5878964373968109,0.11427987012987012,5.0,5.0,2.0,-0.10000000000002274,0
160.5,160.5,0.5,0.25331262626262624,0.22299884784020577,1.10622712236676,0.24668737373737376,4.0,4.0,2.0,-0.10000000000002274,0
160.5,160.5,0.5,0.25331262626262624,0.22299884784020577,1.10622712236676,0.24668737373737376,4.0,4.0,2.0,0.0,0
161.5,161.5,0.5,0.25086464646464646,0.22567504494350996,1.1039561489739198,0.24913535353535354,4.0,4.0,2.0,-0.10000000000002274,0
161.5,161.5,0.5,0.25086464646464646,0.22567504494350996,1.1039561489739198,0.24913535353535354,4.0,4.0,2.0,0.0,0
162.5,162.5,0.75,0.24341760461760464,0.2301520020009686,2.201077509550681,0.5065823953823954,4.0,4.0,3.0,-0.10000000000002274,0
162.5,162.5,0.75,0.24341760461760464,0.2301520020009686,2.201077509550681,0.5065823953823954,4.0,4.0,3.0,0.0,0
162.5,162.5,0.75,0.24341760461760464,0.2301520020009686,2.201077509550681,0.5065823953823954,4.0,4.0,3.0,0.0,0
163.5,163.5,0.7272727272727273,0.3003754578754579,0.22833408248858492,1.8696169434916106,0.4268972693972694,5.0,6.0,4.0,-0.10000000000002274,0
163.5,163.5,0.7272727272727273,0.3003754578754579,0.22833408248858492,1.8696169434916106,0.4268972693972694,5.0,6.0,4.0,0.0,0
163.5,163.5,0.7272727272727273,0.3003754578754579,0.22833408248858492,1.8696169434916106,0.4268972693972694,5.0,6.0,4.0,0.0,0
163.5,163.5,0.7272727272727273,0.3003754578754579,0.22833408248858492,1.8696169434916106,0.4268972693972694,5.0,6.0,4.0,0.09999999999999432,0
164.5,164.5,0.5454545454545454,0.30856052836052833,0.21507670687359534,1.1014396702346954,0.23689401709401708,5.0,6.0,3.0,0.0,0
164.5,164.5,0.5454545454545454,0.30856052836052833,0.21507670687359534,1.1014396702346954,0.23689401709401708,5.0,6.0,3.0,0.0,0
164.5,164.5,0.5454545454545454,0.30856052836052833,0.21507670687359534,1.1014396702346954,0.23689401709401708,5.0,6.0,3.0,0.09999999999999432,0
165.5,165.5,0.4,0.28508763458763464,0.21413144728912697,0.5366440420925522,0.11491236541236538,5.0,5.0,2.0,0.0,0
165.5,165.5,0.4,0.28508763458763464,0.21413144728912697,0.5366440420925522,0.11491236541236538,5.0,5.0,2.0,0.09999999999999432,0
166.5,166.5,0.6,0.2817325396825397,0.1994302785234322,1.5958833466707776,0.3182674603174603,5.0,5.0,3.0,0.0,0
166.5,166.5,0.6,0.2817325396825397,0.1994302785234322,1.5958833466707776,0.3182674603174603,5.0,5.0,3.0,0.09999999999999432,0
166.5,166.5,0.6,0.2817325396825397,0.1994302785234322,1.5958833466707776,0.3182674603174603,5.0,5.0,3.0,-0.09999999999999432,0
167.5,167.5,0.4444444444444444,0.25152308802308804,0.19096231279402295,1.0102587971347337,0.19292135642135638,5.0,4.0,2.0,0.09999999999999432,0
167.5,167.5,0.4444444444444444,0.25152308802308804,0.19096231279402295,1.0102587971347337,0.19292135642135638,5.0,4.0,2.0,-0.09999999999999432,0
168.5,168.5,0.3333333333333333,0.16923809523809524,0.1845213982386183,0.8893019436316777,0.16409523809523807,4.0,2.0,1.0,-0.09999999999999432,0
169.5,169.5,0.6666666666666666,0.15529523809523807,0.18952243197471205,2.6982105666502885,0.5113714285714286,4.0,2.0,2.0,-0.09999999999999432,0
169.5,169.5,0.6666666666666666,0.15529523809523807,0.18952243197471205,2.6982105666502885,0.5113714285714286,4.0,2.0,2.0,0.09999999999999432,0
170.5,170.5,0.75,0.20485714285714282,0.20243784006124657,2.692890108775745,0.5451428571428572,5.0,3.0,3.0,-0.09999999999999432,0
170.5,170.5,0.75,0.20485714285714282,0.20243784006124657,2.692890108775745,0.5451428571428572,5.0,3.0,3.0,0.09999999999999432,0
170.5,170.5,0.75,0.20485714285714282,0.20243784006124657,2.692890108775745,0.5451428571428572,5.0,3.0,3.0,0.0,0
171.5,171.5,0.5714285714285714,0.2074285714285714,0.21386198019087388,1.7020323092263827,0.364,4.0,3.0,2.0,0.09999999999999432,0
171.5,171.5,0.5714285714285714,0.2074285714285714,0.21386198019087388,1.7020323092263827,0.364,4.0,3.0,2.0,0.0,0
172.5,172.5,0.4444444444444444,0.25951031746031744,0.20003213412531803,0.9245220913769169,0.18493412698412698,4.0,5.0,2.0,0.09999999999999432,0
172.5,172.5,0.4444444444444444,0.25951031746031744,0.20003213412531803,0.9245220913769169,0.18493412698412698,4.0,5.0,2.0,0.0,0
173.5,173.5,0.36363636363636365,0.3043698912198913,0.21001785501292344,0.2821973037141314,0.05926647241647237,5.0,6.0,2.0,0.09999999999999432,0
173.5,173.5,0.36363636363636365,0.3043698912198913,0.21001785501292344,0.2821973037141314,0.05926647241647237,5.0,6.0,2.0,0.0,0
174.5,174.5,0.16666666666666666,0.3097998223998224,0.20088106507416192,-0.7125268659856686,-0.14313315573315574,5.0,7.0,1.0,0.0,0
175.5,175.5,0.16666666666666666,0.3259927405927406,0.19946498033045834,-0.7987671503143793,-0.15932607392607392,5.0,7.0,1.0,0.0,0
