n_A,n_B,n_matched,z_S,p_S,ETR,Max_episode,T_overlap,timeline_csv,file_a,file_b,condition
269,192,62,0.896861677,0.204979502,0.016787913,3,178.7,out/pair_20170706_01_02_01_timeline.csv,/Users/jyou/PyCharmProjects/statistics/visible_pair_Human/20170706_01_02_01_A.csv,/Users/jyou/PyCharmProjects/statistics/visible_pair_Human/20170706_01_02_01_B.csv,visible_pair_Human
265,205,73,1.871885624,0.03519648,0.100783875,11,178.6,out/pair_20170706_01_02_02_timeline.csv,/Users/jyou/PyCharmProjects/statistics/visible_pair_Human/20170706_01_02_02_A.csv,/Users/jyou/PyCharmProjects/statistics/visible_pair_Human/20170706_01_02_02_B.csv,visible_pair_Human
253,177,59,1.645669301,0.066893311,0.016806723,3,178.5,out/pair_20170706_01_02_03_timeline.csv,/Users/jyou/PyCharmProjects/statistics/visible_pair_Human/20170706_01_02_03_A.csv,/Users/jyou/PyCharmProjects/statistics/visible_pair_Human/20170706_01_02_03_B.csv,visible_pair_Human
236,243,84,2.911055944,0.00429957,0.111919418,8,178.7,out/pair_20170706_03_04_01_timeline.csv,/Users/jyou/PyCharmProjects/statistics/visible_pair_Human/20170706_03_04_01_A.csv,/Users/jyou/PyCharmProjects/statistics/visible_pair_Human/20170706_03_04_01_B.csv,visible_pair_Human
241,242,86,2.756808843,0.00669933,0.128996074,14,178.3,out/pair_20170706_03_04_02_timeline.csv,/Users/jyou/PyCharmProjects/statistics/visible_pair_Human/20170706_03_04_02_A.csv,/Users/jyou/PyCharmProjects/statistics/visible_pair_Human/20170706_03_04_02_B.csv,visible_pair_Human
247,276,101,3.393932915,0.00059994,0.140134529,11,178.4,out/pair_20170706_03_04_03_timeline.csv,/Users/jyou/PyCharmProjects/statistics/visible_pair_Human/20170706_03_04_03_A.csv,/Users/jyou/PyCharmProjects/statistics/visible_pair_Human/20170706_03_04_03_B.csv,visible_pair_Human
236,216,72,2.685505505,0.01079892,0.095344924,17,178.3,out/pair_20170706_05_06_01_timeline.csv,/Users/jyou/PyCharmProjects/statistics/visible_pair_Human/20170706_05_06_01_A.csv,/Users/jyou/PyCharmProjects/statistics/visible_pair_Human/20170706_05_06_01_B.csv,visible_pair_Human
273,238,81,1.568635058,0.070992901,0.100671141,13,178.8,out/pair_20170706_05_06_02_timeline.csv,/Users/jyou/PyCharmProjects/statistics/visible_pair_Human/20170706_05_06_02_A.csv,/Users/jyou/PyCharmProjects/statistics/visible_pair_Human/20170706_05_06_02_B.csv,visible_pair_Human
263,234,87,3.004386141,0.00389961,0.201454952,20,178.7,out/pair_20170706_05_06_03_timeline.csv,/Users/jyou/PyCharmProjects/statistics/visible_pair_Human/20170706_05_06_03_A.csv,/Users/jyou/PyCharmProjects/statistics/visible_pair_Human/20170706_05_06_03_B.csv,visible_pair_Human
178,208,63,3.839385258,1.00E-04,0.129431626,16,177.7,out/pair_20170706_11_12_01_timeline.csv,/Users/jyou/PyCharmProjects/statistics/visible_pair_Human/20170706_11_12_01_A.csv,/Users/jyou/PyCharmProjects/statistics/visible_pair_Human/20170706_11_12_01_B.csv,visible_pair_Human
170,205,51,2.164842002,0.02419758,0.061728395,11,178.2,out/pair_20170706_11_12_02_timeline.csv,/Users/jyou/PyCharmProjects/statistics/visible_pair_Human/20170706_11_12_02_A.csv,/Users/jyou/PyCharmProjects/statistics/visible_pair_Human/20170706_11_12_02_B.csv,visible_pair_Human
182,207,51,1.717852642,0.052194781,0.084127874,7,178.3,out/pair_20170706_11_12_03_timeline.csv,/Users/jyou/PyCharmProjects/statistics/visible_pair_Human/20170706_11_12_03_A.csv,/Users/jyou/PyCharmProjects/statistics/visible_pair_Human/20170706_11_12_03_B.csv,visible_pair_Human
258,240,94,3.511708925,1.00E-04,0.175141243,12,177,out/pair_20170710_01_02_01_timeline.csv,/Users/jyou/PyCharmProjects/statistics/visible_pair_Human/20170710_01_02_01_A.csv,/Users/jyou/PyCharmProjects/statistics/visible_pair_Human/20170710_01_02_01_B.csv,visible_pair_Human
292,251,106,3.312607132,0.00119988,0.124645892,6,176.5,out/pair_20170710_01_02_02_timeline.csv,/Users/jyou/PyCharmProjects/statistics/visible_pair_Human/20170710_01_02_02_A.csv,/Users/jyou/PyCharmProjects/statistics/visible_pair_Human/20170710_01_02_02_B.csv,visible_pair_Human
306,266,109,2.48483198,0.00769923,0.156862745,13,178.5,out/pair_20170710_01_02_03_timeline.csv,/Users/jyou/PyCharmProjects/statistics/visible_pair_Human/20170710_01_02_03_A.csv,/Users/jyou/PyCharmProjects/statistics/visible_pair_Human/20170710_01_02_03_B.csv,visible_pair_Human
128,144,29,1.78579529,0.051894811,0.047142015,8,169.7,out/pair_20170710_07_08_01_timeline.csv,/Users/jyou/PyCharmProjects/statistics/visible_pair_Human/20170710_07_08_01_A.csv,/Users/jyou/PyCharmProjects/statistics/visible_pair_Human/20170710_07_08_01_B.csv,visible_pair_Human
99,93,29,2.571806116,0.00709929,0.115789474,8,95,out/pair_20170710_07_08_02_timeline.csv,/Users/jyou/PyCharmProjects/statistics/visible_pair_Human/20170710_07_08_02_A.csv,/Users/jyou/PyCharmProjects/statistics/visible_pair_Human/20170710_07_08_02_B.csv,visible_pair_Human
148,150,40,1.56796616,0.075892411,0.081061164,8,135.7,out/pair_20170710_07_08_03_timeline.csv,/Users/jyou/PyCharmProjects/statistics/visible_pair_Human/20170710_07_08_03_A.csv,/Users/jyou/PyCharmProjects/statistics/visible_pair_Human/20170710_07_08_03_B.csv,visible_pair_Human
259,273,89,1.562671858,0.067793221,0.084222347,9,178.1,out/pair_20170714_01_02_01_timeline.csv,/Users/jyou/PyCharmProjects/statistics/visible_pair_Human/20170714_01_02_01_A.csv,/Users/jyou/PyCharmProjects/statistics/visible_pair_Human/20170714_01_02_01_B.csv,visible_pair_Human
254,298,100,1.960969774,0.02849715,0.118176702,9,177.7,out/pair_20170714_01_02_02_timeline.csv,/Users/jyou/PyCharmProjects/statistics/visible_pair_Human/20170714_01_02_02_A.csv,/Users/jyou/PyCharmProjects/statistics/visible_pair_Human/20170714_01_02_02_B.csv,visible_pair_Human
256,307,103,2.068555964,0.01439856,0.151856018,11,177.8,out/pair_20170714_01_02_03_timeline.csv,/Users/jyou/PyCharmProjects/statistics/visible_pair_Human/20170714_01_02_03_A.csv,/Users/jyou/PyCharmProjects/statistics/visible_pair_Human/20170714_01_02_03_B.csv,visible_pair_Human
216,224,60,1.085598077,0.163383662,0.117845118,12,178.2,out/pair_20170714_03_04_01_timeline.csv,/Users/jyou/PyCharmProjects/statistics/visible_pair_Human/20170714_03_04_01_A.csv,/Users/jyou/PyCharmProjects/statistics/visible_pair_Human/20170714_03_04_01_B.csv,visible_pair_Human
236,234,72,1.605179191,0.067793221,0.112107623,13,178.4,out/pair_20170714_03_04_02_timeline.csv,/Users/jyou/PyCharmProjects/statistics/visible_pair_Human/20170714_03_04_02_A.csv,/Users/jyou/PyCharmProjects/statistics/visible_pair_Human/20170714_03_04_02_B.csv,visible_pair_Human
234,258,87,2.620787512,0.00569943,0.135135135,13,177.6,out/pair_20170714_03_04_03_timeline.csv,/Users/jyou/PyCharmProjects/statistics/visible_pair_Human/20170714_03_04_03_A.csv,/Users/jyou/PyCharmProjects/statistics/visible_pair_Human/20170714_03_04_03_B.csv,visible_pair_Human
260,194,58,0.394351672,0.369863014,0.072910824,13,178.3,out/pair_20170714_05_06_01_timeline.csv,/Users/jyou/PyCharmProjects/statistics/visible_pair_Human/20170714_05_06_01_A.csv,/Users/jyou/PyCharmProjects/statistics/visible_pair_Human/20170714_05_06_01_B.csv,visible_pair_Human
272,210,75,1.784029821,0.04979502,0.128996074,13,178.3,out/pair_20170714_05_06_02_timeline.csv,/Users/jyou/PyCharmProjects/statistics/visible_pair_Human/20170714_05_06_02_A.csv,/Users/jyou/PyCharmProjects/statistics/visible_pair_Human/20170714_05_06_02_B.csv,visible_pair_Human
274,244,89,2.331520128,0.01389861,0.128923767,16,178.4,out/pair_20170714_05_06_03_timeline.csv,/Users/jyou/PyCharmProjects/statistics/visible_pair_Human/20170714_05_06_03_A.csv,/Users/jyou/PyCharmProjects/statistics/visible_pair_Human/20170714_05_06_03_B.csv,visible_pair_Human
196,164,43,1.367737911,0.103889611,0.078387458,6,178.6,out/pair_20170714_07_08_01_timeline.csv,/Users/jyou/PyCharmProjects/statistics/visible_pair_Human/20170714_07_08_01_A.csv,/Users/jyou/PyCharmProjects/statistics/visible_pair_Human/20170714_07_08_01_B.csv,visible_pair_Human
235,165,58,2.435948168,0.0109989,0.113571834,7,176.1,out/pair_20170714_07_08_02_timeline.csv,/Users/jyou/PyCharmProjects/statistics/visible_pair_Human/20170714_07_08_02_A.csv,/Users/jyou/PyCharmProjects/statistics/visible_pair_Human/20170714_07_08_02_B.csv,visible_pair_Human
227,186,59,2.107124694,0.02539746,0.084033613,4,178.5,out/pair_20170714_07_08_03_timeline.csv,/Users/jyou/PyCharmProjects/statistics/visible_pair_Human/20170714_07_08_03_A.csv,/Users/jyou/PyCharmProjects/statistics/visible_pair_Human/20170714_07_08_03_B.csv,visible_pair_Human