n_A,n_B,n_matched,z_S,p_S,STR,Max_episode,T_overlap,timeline_csv,pair_id,file_a,file_b,condition
252,181,123,-0.9334014083836066,0.8571142885711429,0.0,0.0,175.39999999999998,out_grid_visible_d0.2/0.2_pair_20170706_01_02_01_timeline.csv,20170706_01_02_01,../annotation_raw_data_chewonly/visible_pair_Human/A/20170706_01_02_01_A.csv,../annotation_raw_data_chewonly/visible_pair_Human/B/20170706_01_02_01_B.csv,visible_pair_Human
244,192,144,1.7337602601705375,0.0406959304069593,0.0229095074455899,4.0,174.6,out_grid_visible_d0.2/0.2_pair_20170706_01_02_02_timeline.csv,20170706_01_02_02,../annotation_raw_data_chewonly/visible_pair_Human/A/20170706_01_02_02_A.csv,../annotation_raw_data_chewonly/visible_pair_Human/B/20170706_01_02_02_B.csv,visible_pair_Human
233,167,109,-0.1712387152738881,0.6078392160783922,0.0,0.0,174.5,out_grid_visible_d0.2/0.2_pair_20170706_01_02_03_timeline.csv,20170706_01_02_03,../annotation_raw_data_chewonly/visible_pair_Human/A/20170706_01_02_03_A.csv,../annotation_raw_data_chewonly/visible_pair_Human/B/20170706_01_02_03_B.csv,visible_pair_Human
224,226,143,-0.1063839459582194,0.579042095790421,0.0,0.0,173.79999999999998,out_grid_visible_d0.2/0.2_pair_20170706_03_04_01_timeline.csv,20170706_03_04_01,../annotation_raw_data_chewonly/visible_pair_Human/A/20170706_03_04_01_A.csv,../annotation_raw_data_chewonly/visible_pair_Human/B/20170706_03_04_01_B.csv,visible_pair_Human
228,230,149,0.0461413294567622,0.4982501749825017,0.0,0.0,174.20000000000002,out_grid_visible_d0.2/0.2_pair_20170706_03_04_02_timeline.csv,20170706_03_04_02,../annotation_raw_data_chewonly/visible_pair_Human/A/20170706_03_04_02_A.csv,../annotation_raw_data_chewonly/visible_pair_Human/B/20170706_03_04_02_B.csv,visible_pair_Human
232,259,175,1.3778047216069542,0.0892910708929107,0.0,0.0,173.20000000000002,out_grid_visible_d0.2/0.2_pair_20170706_03_04_03_timeline.csv,20170706_03_04_03,../annotation_raw_data_chewonly/visible_pair_Human/A/20170706_03_04_03_A.csv,../annotation_raw_data_chewonly/visible_pair_Human/B/20170706_03_04_03_B.csv,visible_pair_Human
204,194,121,1.8224976035968148,0.0415958404159584,0.022883295194508,4.0,174.8,out_grid_visible_d0.2/0.2_pair_20170706_05_06_01_timeline.csv,20170706_05_06_01,../annotation_raw_data_chewonly/visible_pair_Human/A/20170706_05_06_01_A.csv,../annotation_raw_data_chewonly/visible_pair_Human/B/20170706_05_06_01_B.csv,visible_pair_Human
228,219,141,0.4280852774560201,0.3661633836616338,0.0228180262407301,4.0,175.3,out_grid_visible_d0.2/0.2_pair_20170706_05_06_02_timeline.csv,20170706_05_06_02,../annotation_raw_data_chewonly/visible_pair_Human/A/20170706_05_06_02_A.csv,../annotation_raw_data_chewonly/visible_pair_Human/B/20170706_05_06_02_B.csv,visible_pair_Human
236,213,141,0.5467741511434864,0.3246675332466753,0.0,0.0,175.7,out_grid_visible_d0.2/0.2_pair_20170706_05_06_03_timeline.csv,20170706_05_06_03,../annotation_raw_data_chewonly/visible_pair_Human/A/20170706_05_06_03_A.csv,../annotation_raw_data_chewonly/visible_pair_Human/B/20170706_05_06_03_B.csv,visible_pair_Human
163,193,97,1.1168537739220372,0.1514848515148485,0.0638421358096343,6.0,172.29999999999998,out_grid_visible_d0.2/0.2_pair_20170706_11_12_01_timeline.csv,20170706_11_12_01,../annotation_raw_data_chewonly/visible_pair_Human/A/20170706_11_12_01_A.csv,../annotation_raw_data_chewonly/visible_pair_Human/B/20170706_11_12_01_B.csv,visible_pair_Human
159,189,99,2.0611740553199778,0.0241975802419758,0.0,0.0,173.2,out_grid_visible_d0.2/0.2_pair_20170706_11_12_02_timeline.csv,20170706_11_12_02,../annotation_raw_data_chewonly/visible_pair_Human/A/20170706_11_12_02_A.csv,../annotation_raw_data_chewonly/visible_pair_Human/B/20170706_11_12_02_B.csv,visible_pair_Human
171,196,94,-0.2705986430159638,0.6332366763323668,0.0,0.0,173.20000000000002,out_grid_visible_d0.2/0.2_pair_20170706_11_12_03_timeline.csv,20170706_11_12_03,../annotation_raw_data_chewonly/visible_pair_Human/A/20170706_11_12_03_A.csv,../annotation_raw_data_chewonly/visible_pair_Human/B/20170706_11_12_03_B.csv,visible_pair_Human
241,225,151,0.0966081816512605,0.5227477252274773,0.0173410404624277,3.0,173.0,out_grid_visible_d0.2/0.2_pair_20170710_01_02_01_timeline.csv,20170710_01_02_01,../annotation_raw_data_chewonly/visible_pair_Human/A/20170710_01_02_01_A.csv,../annotation_raw_data_chewonly/visible_pair_Human/B/20170710_01_02_01_B.csv,visible_pair_Human
273,232,185,2.888856822102805,0.0034996500349965,0.0232828870779976,4.0,171.8,out_grid_visible_d0.2/0.2_pair_20170710_01_02_02_timeline.csv,20170710_01_02_02,../annotation_raw_data_chewonly/visible_pair_Human/A/20170710_01_02_02_A.csv,../annotation_raw_data_chewonly/visible_pair_Human/B/20170710_01_02_02_B.csv,visible_pair_Human
290,248,198,1.564504105448684,0.0717928207179282,0.0,0.0,174.3,out_grid_visible_d0.2/0.2_pair_20170710_01_02_03_timeline.csv,20170710_01_02_03,../annotation_raw_data_chewonly/visible_pair_Human/A/20170710_01_02_03_A.csv,../annotation_raw_data_chewonly/visible_pair_Human/B/20170710_01_02_03_B.csv,visible_pair_Human
118,121,45,0.013865989339414,0.532046795320468,0.0,0.0,151.29999999999998,out_grid_visible_d0.2/0.2_pair_20170710_07_08_01_timeline.csv,20170710_07_08_01,../annotation_raw_data_chewonly/visible_pair_Human/A/20170710_07_08_01_A.csv,../annotation_raw_data_chewonly/visible_pair_Human/B/20170710_07_08_01_B.csv,visible_pair_Human
91,88,44,0.4769142586450278,0.3690630936906309,0.0,0.0,89.7,out_grid_visible_d0.2/0.2_pair_20170710_07_08_02_timeline.csv,20170710_07_08_02,../annotation_raw_data_chewonly/visible_pair_Human/A/20170710_07_08_02_A.csv,../annotation_raw_data_chewonly/visible_pair_Human/B/20170710_07_08_02_B.csv,visible_pair_Human
137,133,69,0.2971359257349798,0.4120587941205879,0.0,0.0,126.7,out_grid_visible_d0.2/0.2_pair_20170710_07_08_03_timeline.csv,20170710_07_08_03,../annotation_raw_data_chewonly/visible_pair_Human/A/20170710_07_08_03_A.csv,../annotation_raw_data_chewonly/visible_pair_Human/B/20170710_07_08_03_B.csv,visible_pair_Human
250,261,176,-0.092160745018324,0.5585441455854414,0.0,0.0,174.1,out_grid_visible_d0.2/0.2_pair_20170714_01_02_01_timeline.csv,20170714_01_02_01,../annotation_raw_data_chewonly/visible_pair_Human/A/20170714_01_02_01_A.csv,../annotation_raw_data_chewonly/visible_pair_Human/B/20170714_01_02_01_B.csv,visible_pair_Human
245,281,184,-0.0043942218319934,0.5478452154784521,0.0,0.0,172.6,out_grid_visible_d0.2/0.2_pair_20170714_01_02_02_timeline.csv,20170714_01_02_02,../annotation_raw_data_chewonly/visible_pair_Human/A/20170714_01_02_02_A.csv,../annotation_raw_data_chewonly/visible_pair_Human/B/20170714_01_02_02_B.csv,visible_pair_Human
246,290,183,-1.685323677106059,0.9595040495950404,0.0,0.0,173.70000000000002,out_grid_visible_d0.2/0.2_pair_20170714_01_02_03_timeline.csv,20170714_01_02_03,../annotation_raw_data_chewonly/visible_pair_Human/A/20170714_01_02_03_A.csv,../annotation_raw_data_chewonly/visible_pair_Human/B/20170714_01_02_03_B.csv,visible_pair_Human
204,212,122,0.1600419097496433,0.4757524247575243,0.0,0.0,175.29999999999998,out_grid_visible_d0.2/0.2_pair_20170714_03_04_01_timeline.csv,20170714_03_04_01,../annotation_raw_data_chewonly/visible_pair_Human/A/20170714_03_04_01_A.csv,../annotation_raw_data_chewonly/visible_pair_Human/B/20170714_03_04_01_B.csv,visible_pair_Human
218,222,131,-0.7558722819092568,0.7878212178782121,0.0,0.0,173.9,out_grid_visible_d0.2/0.2_pair_20170714_03_04_02_timeline.csv,20170714_03_04_02,../annotation_raw_data_chewonly/visible_pair_Human/A/20170714_03_04_02_A.csv,../annotation_raw_data_chewonly/visible_pair_Human/B/20170714_03_04_02_B.csv,visible_pair_Human
216,242,154,0.7705585761087984,0.2403759624037596,0.0,0.0,173.4,out_grid_visible_d0.2/0.2_pair_20170714_03_04_03_timeline.csv,20170714_03_04_03,../annotation_raw_data_chewonly/visible_pair_Human/A/20170714_03_04_03_A.csv,../annotation_raw_data_chewonly/visible_pair_Human/B/20170714_03_04_03_B.csv,visible_pair_Human
236,178,113,-1.0104503717940037,0.8698130186981302,0.0,0.0,174.10000000000002,out_grid_visible_d0.2/0.2_pair_20170714_05_06_01_timeline.csv,20170714_05_06_01,../annotation_raw_data_chewonly/visible_pair_Human/A/20170714_05_06_01_A.csv,../annotation_raw_data_chewonly/visible_pair_Human/B/20170714_05_06_01_B.csv,visible_pair_Human
249,191,129,-0.6877582485061294,0.7806219378062194,0.0228702115494568,4.0,174.9,out_grid_visible_d0.2/0.2_pair_20170714_05_06_02_timeline.csv,20170714_05_06_02,../annotation_raw_data_chewonly/visible_pair_Human/A/20170714_05_06_02_A.csv,../annotation_raw_data_chewonly/visible_pair_Human/B/20170714_05_06_02_B.csv,visible_pair_Human
258,218,154,-0.3391077047598503,0.6686331366863314,0.0,0.0,174.8,out_grid_visible_d0.2/0.2_pair_20170714_05_06_03_timeline.csv,20170714_05_06_03,../annotation_raw_data_chewonly/visible_pair_Human/A/20170714_05_06_03_A.csv,../annotation_raw_data_chewonly/visible_pair_Human/B/20170714_05_06_03_B.csv,visible_pair_Human
185,156,80,-0.3205520211716702,0.6524347565243476,0.0,0.0,174.6,out_grid_visible_d0.2/0.2_pair_20170714_07_08_01_timeline.csv,20170714_07_08_01,../annotation_raw_data_chewonly/visible_pair_Human/A/20170714_07_08_01_A.csv,../annotation_raw_data_chewonly/visible_pair_Human/B/20170714_07_08_01_B.csv,visible_pair_Human
215,157,96,-0.2517389871953125,0.6359364063593641,0.0292911540714704,5.0,170.7,out_grid_visible_d0.2/0.2_pair_20170714_07_08_02_timeline.csv,20170714_07_08_02,../annotation_raw_data_chewonly/visible_pair_Human/A/20170714_07_08_02_A.csv,../annotation_raw_data_chewonly/visible_pair_Human/B/20170714_07_08_02_B.csv,visible_pair_Human
209,177,101,-0.6215777423913474,0.7771222877712228,0.0286368843069874,5.0,174.6,out_grid_visible_d0.2/0.2_pair_20170714_07_08_03_timeline.csv,20170714_07_08_03,../annotation_raw_data_chewonly/visible_pair_Human/A/20170714_07_08_03_A.csv,../annotation_raw_data_chewonly/visible_pair_Human/B/20170714_07_08_03_B.csv,visible_pair_Human
